AIRCRAFT_GROUP,AIRCRAFT_TYPE,AIRCRAFT_CONFIG,CLASS,DISTANCE,DEPARTURES_SCHEDULED,DEPARTURES_PERFORMED
6,694,1,F,854,0,1
6,698,1,F,967,0,1
6,698,1,F,967,0,1
6,646,1,L,604,0,1
6,675,1,L,488,0,1
6,675,1,L,576,0,2
6,675,1,L,488,0,1
6,675,1,L,889,0,1
6,675,1,L,889,0,1
6,675,1,L,1464,0,1
6,635,2,P,1199,0,1
6,635,2,P,1278,0,1
6,622,1,L,761,0,1
6,622,1,L,604,0,1
6,684,1,L,725,0,1
6,684,1,L,735,0,2
6,684,1,L,735,0,2
6,684,1,L,292,0,1
6,699,1,L,602,0,1
6,699,1,L,1558,0,1
6,622,1,F,1184,0,1
6,698,1,F,1199,0,1
6,699,1,F,1199,0,1
6,622,1,F,1184,0,1
6,694,1,F,592,0,1
6,608,1,F,230,0,1
6,698,1,F,1199,0,1
6,699,1,F,1199,0,1
6,622,1,L,1199,0,1
6,622,1,L,1069,0,1
6,655,1,F,1123,0,1
6,656,1,F,483,0,1
6,656,1,F,628,0,1
6,656,1,F,853,0,1
6,622,1,L,391,0,1
6,655,1,F,1123,0,1
6,622,1,F,680,0,1
6,656,1,F,495,0,1
6,622,1,L,967,0,2
6,622,1,L,391,0,1
6,614,1,L,1671,0,1
6,614,1,L,1136,0,1
6,614,1,L,954,0,1
6,698,1,F,150,0,1
6,614,1,L,1201,0,1
6,614,1,F,967,0,1
6,698,1,F,862,0,1
6,634,1,F,1709,0,1
6,614,1,F,1482,0,1
6,634,1,L,541,0,1
8,887,1,F,967,0,1
6,612,1,F,73,0,2
6,612,1,F,90,0,2
6,614,1,F,90,0,1
6,612,1,F,602,0,1
6,612,1,F,1359,0,1
6,614,1,F,929,0,1
6,614,1,F,1250,0,1
6,612,1,F,1095,0,1
6,612,1,F,1278,0,1
6,612,1,F,456,0,1
6,614,1,F,771,0,1
6,612,1,F,943,0,1
6,614,1,F,73,0,1
5,515,1,L,764,0,1
5,515,1,L,903,0,1
6,688,1,L,937,0,1
5,515,1,L,764,0,1
6,688,1,L,1166,0,1
5,515,1,L,919,0,1
6,625,1,L,628,0,1
6,617,1,L,595,0,2
6,617,1,L,1049,0,1
6,617,1,L,957,0,1
6,617,1,L,1120,0,1
6,617,1,L,391,0,3
6,617,1,L,312,0,1
6,617,1,L,312,0,1
6,617,1,L,1413,0,1
6,617,1,L,541,0,1
6,635,2,P,957,0,1
6,635,2,P,870,0,1
6,669,1,L,896,0,1
6,669,1,L,804,0,1
6,614,1,L,632,0,2
6,614,1,L,637,0,1
6,614,1,L,632,0,1
6,614,1,L,637,0,1
6,614,1,L,436,0,1
6,614,1,L,598,0,1
6,614,1,L,436,0,1
6,614,1,L,598,0,1
6,681,2,P,1070,0,1
6,681,2,P,967,0,1
6,617,2,P,1069,0,22
6,617,2,P,1069,0,22
6,634,1,F,73,0,1
6,634,1,F,1068,0,1
6,675,1,F,150,0,1
6,675,1,F,495,0,1
4,456,1,F,22,0,1
4,456,1,F,150,0,44
4,456,1,F,292,0,19
4,456,1,F,150,0,45
4,456,1,F,292,0,23
4,456,1,F,0,0,3
4,456,1,F,305,0,56
4,456,1,F,228,0,48
4,456,1,F,280,0,19
4,456,1,F,305,0,56
4,456,1,F,228,0,48
4,456,1,F,274,0,1
4,456,1,F,280,0,21
4,405,1,F,420,0,1
4,405,1,F,231,0,1
4,479,1,F,0,0,1
6,675,1,F,150,1,1
6,675,1,F,519,1,1
6,675,1,F,576,1,1
6,675,1,F,576,1,3
6,698,1,F,420,1,1
6,698,1,F,420,1,1
6,614,1,F,73,1,1
6,614,1,F,592,1,1
6,655,1,F,403,1,1
6,699,1,F,1754,1,1
6,699,1,F,862,1,1
6,614,1,F,771,1,1
6,699,1,F,1546,1,1
6,614,1,F,911,1,1
6,614,1,F,1436,1,1
6,699,1,F,967,1,1
6,614,1,F,411,1,1
6,608,1,F,862,1,1
6,608,1,F,680,1,1
6,694,1,F,680,1,2
6,614,1,F,391,1,1
6,614,1,F,1123,1,1
6,608,1,F,680,1,1
6,694,1,F,680,1,1
6,631,1,F,541,1,1
6,631,1,F,1015,1,1
6,629,1,F,391,1,1
6,629,1,F,746,1,1
6,629,1,F,734,1,1
6,629,1,F,580,1,1
6,629,1,F,230,1,1
6,673,1,F,1487,1,1
6,631,1,F,349,1,1
6,631,1,F,1199,1,1
6,673,1,F,775,1,1
6,673,1,F,692,1,1
6,629,1,F,391,1,1
6,629,1,F,230,1,1
6,631,1,F,641,1,1
6,673,1,F,1015,1,1
6,673,1,F,862,1,1
6,631,1,F,406,1,1
6,631,1,F,771,1,1
6,631,1,F,964,1,1
6,631,1,F,472,1,1
6,673,1,F,888,1,1
6,629,1,F,898,1,1
6,673,1,F,853,1,1
6,629,1,F,1024,1,1
6,629,1,F,967,1,1
6,631,1,F,967,1,1
6,631,1,F,846,1,1
6,673,1,F,557,1,1
6,673,1,F,592,1,1
6,631,1,F,655,1,1
6,629,1,F,862,1,1
6,631,1,F,406,1,1
6,673,1,F,113,1,1
6,631,1,F,862,1,1
6,673,1,F,771,1,1
6,631,1,F,964,1,1
6,629,1,F,734,1,1
6,673,1,F,888,1,1
6,673,1,F,991,1,1
6,629,1,F,730,1,1
6,631,1,F,853,1,1
6,673,1,F,794,1,1
6,629,1,F,496,1,1
6,631,1,F,909,1,1
6,631,1,F,846,1,1
6,694,1,F,349,1,1
6,614,1,F,1671,1,1
6,698,1,F,1754,1,1
6,694,1,F,524,1,1
6,694,1,F,349,1,1
6,634,1,F,455,1,1
6,694,1,F,1754,1,1
6,694,1,F,524,1,1
6,694,1,F,1069,1,1
6,698,1,F,1123,1,1
6,698,1,F,1703,1,1
6,624,1,F,1452,1,1
6,626,1,F,862,1,1
6,698,1,F,628,1,1
6,614,1,F,533,1,1
6,698,1,F,1546,1,1
6,698,1,F,888,1,1
6,694,1,F,1558,1,1
6,614,1,F,776,1,1
6,694,1,F,1482,1,1
6,614,1,F,804,1,1
6,698,1,F,391,1,1
6,614,1,F,770,1,1
6,698,1,F,770,1,1
6,614,1,F,541,1,1
6,624,1,F,1452,1,1
6,622,1,F,862,1,1
6,626,1,F,862,1,1
6,614,1,F,533,1,1
6,622,1,F,1546,1,1
6,614,1,F,776,1,1
6,634,1,F,776,1,1
6,694,1,F,1482,1,1
6,614,1,F,804,1,1
6,694,1,F,794,1,1
6,694,1,F,916,1,1
6,622,1,F,967,1,1
6,637,1,F,967,1,2
6,614,1,F,846,1,1
6,614,1,F,770,1,1
6,698,1,F,770,1,1
6,614,1,F,541,1,1
6,619,1,F,1449,1,1
6,619,1,F,1201,1,1
6,619,1,F,349,1,1
6,619,1,F,649,1,1
6,619,1,F,1123,1,1
6,619,1,F,1015,1,1
6,619,1,F,896,1,1
6,619,1,F,991,1,1
6,619,1,F,1558,1,1
6,619,1,F,804,1,1
6,614,1,F,1607,1,1
6,619,1,F,541,1,1
6,619,1,F,1123,1,1
6,619,1,F,1015,1,1
6,614,1,F,1062,1,1
6,619,1,F,1290,1,1
6,619,1,F,804,1,1
6,614,1,F,1607,1,1
6,619,1,F,909,1,1
6,673,1,F,1199,1,1
6,673,1,F,73,1,1
6,673,1,F,1201,1,1
6,673,1,F,73,1,1
6,677,1,F,589,1,1
6,677,1,F,420,1,1
6,673,1,F,472,1,1
6,673,1,F,391,1,1
6,677,1,F,420,1,1
6,673,1,F,1024,1,1
6,673,1,F,541,1,1
6,698,1,F,1069,1,1
6,698,1,F,1154,1,1
6,698,1,F,1123,1,1
6,694,1,F,862,1,1
6,698,1,F,977,1,1
6,694,1,F,1546,1,1
6,698,1,F,1546,1,1
6,694,1,F,679,1,1
6,694,1,F,888,1,1
6,698,1,F,888,1,1
6,694,1,F,602,1,1
6,694,1,F,770,1,1
6,694,1,F,1162,1,1
6,698,1,F,1123,1,1
6,694,1,F,1452,1,1
6,694,1,F,862,1,1
6,698,1,F,977,1,1
6,694,1,F,1546,1,1
6,694,1,F,679,1,1
6,694,1,F,888,1,1
6,694,1,F,602,1,1
6,694,1,F,770,1,1
6,694,1,F,1506,1,1
6,694,1,F,1162,1,1
6,691,2,G,641,1,1
7,730,2,G,977,1,1
6,691,2,G,533,1,1
6,691,2,G,1062,1,1
6,691,2,G,391,1,1
6,691,2,G,639,1,1
6,691,2,G,216,1,1
7,730,2,G,977,1,1
7,740,2,G,533,1,1
6,691,2,G,1061,1,1
7,740,2,G,957,1,1
6,698,1,F,1123,1,1
6,698,1,F,862,1,1
6,638,1,F,593,1,1
6,675,1,F,250,1,1
6,675,1,F,250,1,1
6,675,1,F,1015,1,1
6,675,1,F,722,1,1
6,675,1,F,722,1,1
4,405,1,F,383,1,6
4,405,1,F,383,1,6
6,675,1,F,773,1,1
6,675,1,F,73,1,1
6,675,1,F,862,1,1
6,675,1,F,886,1,1
6,622,2,G,1026,1,1
6,691,2,G,628,1,1
6,622,2,G,1024,1,1
6,622,2,G,391,1,1
6,691,2,G,391,1,1
6,694,1,F,991,2,2
6,699,1,F,862,2,2
6,694,1,F,1558,2,2
6,698,1,F,680,2,2
8,888,1,F,680,2,2
6,614,1,F,391,2,2
6,631,1,F,1015,2,2
6,631,1,F,589,2,2
6,631,1,F,73,2,2
6,631,1,F,73,2,2
6,673,1,F,212,2,2
6,673,1,F,624,2,2
6,673,1,F,991,2,2
6,673,1,F,794,2,2
6,629,1,F,833,2,1
6,631,1,F,89,2,2
6,673,1,F,212,2,2
6,631,1,F,773,2,2
6,673,1,F,624,2,2
6,631,1,F,1100,2,2
6,673,1,F,853,2,2
6,631,1,F,616,2,2
6,694,1,F,1199,2,2
6,694,1,F,1069,2,2
6,614,1,F,1476,2,2
6,694,1,F,1199,2,2
6,698,1,F,1754,2,2
6,614,1,F,1476,2,2
6,694,1,F,836,2,2
6,614,1,F,420,2,2
6,614,1,F,1436,2,2
6,694,1,F,916,2,2
6,698,1,F,1506,2,2
6,694,1,F,639,2,2
6,614,1,F,996,2,2
6,698,1,F,1605,2,2
6,694,1,F,836,2,2
6,694,1,F,1015,2,2
6,614,1,F,420,2,2
6,698,1,F,628,2,2
6,698,1,F,1506,2,2
6,694,1,F,639,2,2
6,619,1,F,649,2,2
6,614,1,F,349,2,2
6,619,1,F,1491,2,2
6,619,1,F,1449,2,2
6,619,1,F,1154,2,2
6,619,1,F,836,2,2
6,619,1,F,1024,2,2
6,619,1,F,391,2,2
6,619,1,F,836,2,2
6,619,1,F,991,2,2
6,619,1,F,853,2,2
6,619,1,F,1024,2,2
6,619,1,F,948,2,2
6,673,1,F,1154,2,2
6,673,1,F,1083,2,2
6,673,1,F,1154,2,2
6,677,1,F,680,2,2
6,673,1,F,541,2,2
6,677,1,F,495,2,2
6,698,1,F,826,2,2
6,694,1,F,680,2,2
6,694,1,F,1436,2,2
6,694,1,F,794,2,2
6,698,1,F,826,2,2
6,694,1,F,1436,2,2
6,694,1,F,794,2,2
6,622,2,G,455,2,2
6,691,2,G,563,2,2
6,638,1,F,1069,2,2
6,638,1,F,1069,2,2
6,622,2,G,391,2,2
6,614,1,F,641,3,3
6,631,1,F,524,3,3
6,631,1,F,524,3,3
6,631,1,F,680,3,3
6,631,1,F,1024,3,3
6,631,1,F,752,3,3
6,631,1,F,1024,3,3
6,631,1,F,349,3,3
6,629,1,F,359,3,3
6,631,1,F,524,3,3
6,629,1,F,359,3,3
6,631,1,F,524,3,3
6,673,1,F,1069,3,3
6,673,1,F,1085,3,3
6,631,1,F,1015,3,3
6,629,1,F,456,3,3
6,629,1,F,196,3,3
6,629,1,F,819,3,3
6,631,1,F,602,3,3
6,629,1,F,776,3,3
6,631,1,F,898,3,3
6,631,1,F,794,3,3
6,631,1,F,541,3,3
6,629,1,F,589,3,3
6,631,1,F,655,3,3
6,629,1,F,456,3,3
6,629,1,F,196,3,3
6,629,1,F,819,3,3
6,631,1,F,602,3,3
6,631,1,F,300,3,3
6,614,1,F,850,3,3
6,698,1,F,1491,3,3
6,614,1,F,1337,3,3
6,698,1,F,1199,3,3
6,698,1,F,1605,3,3
6,634,1,F,533,3,3
6,694,1,F,776,3,3
6,614,1,F,495,3,3
6,698,1,F,888,3,3
6,694,1,F,776,3,3
6,614,1,F,1436,3,3
6,619,1,F,349,3,3
6,614,1,F,1610,3,3
6,619,1,F,1199,3,3
6,612,1,F,1671,3,3
6,614,1,F,1449,3,3
6,619,1,F,977,3,3
6,619,1,F,854,3,3
6,619,1,F,533,3,3
6,614,1,F,1062,3,2
6,619,1,F,1062,3,3
6,619,1,F,472,3,3
6,619,1,F,819,3,3
6,612,1,F,1553,3,3
6,614,1,F,794,3,3
6,619,1,F,1024,3,3
6,619,1,F,948,3,3
6,619,1,F,909,3,3
6,619,1,F,639,3,3
6,619,1,F,977,3,3
6,619,1,F,854,3,3
6,619,1,F,1062,3,3
6,619,1,F,472,3,3
6,619,1,F,819,3,3
6,614,1,F,1553,3,3
6,673,1,F,349,3,3
6,673,1,F,1083,3,3
6,677,1,F,1201,3,3
6,673,1,F,349,3,3
6,673,1,F,1014,3,3
6,677,1,F,563,3,3
6,677,1,F,872,3,3
6,673,1,F,495,3,3
6,677,1,F,616,3,3
6,677,1,F,641,3,3
6,673,1,F,589,3,3
6,673,1,F,872,3,3
6,677,1,F,680,3,3
6,677,1,F,1062,3,3
6,677,1,F,472,3,3
6,677,1,F,794,3,3
6,677,1,F,616,3,3
6,698,1,F,692,3,3
6,698,1,F,692,3,3
6,699,1,F,977,3,3
6,699,1,F,977,3,3
6,694,1,F,680,3,3
6,675,1,F,455,3,3
6,675,1,F,455,3,3
6,675,1,F,637,3,3
6,675,1,F,792,3,3
6,675,1,F,639,3,3
6,675,1,F,533,3,3
6,675,1,F,792,3,3
6,675,1,F,639,3,3
6,675,1,F,911,3,3
6,622,2,G,819,3,3
6,673,1,F,655,4,4
6,673,1,F,655,4,4
6,655,1,F,641,4,4
6,655,1,F,641,4,4
6,631,1,F,349,4,4
6,631,1,F,349,4,4
6,631,1,F,641,4,4
6,631,1,F,641,4,4
6,629,1,F,836,4,4
6,673,1,F,679,4,4
6,673,1,F,680,4,4
6,631,1,F,637,4,4
6,631,1,F,640,4,4
6,629,1,F,836,4,4
6,631,1,F,640,4,4
6,629,1,F,533,4,4
6,673,1,F,679,4,4
6,673,1,F,680,4,4
6,629,1,F,472,4,4
6,631,1,F,637,4,4
6,698,1,F,1199,4,4
6,634,1,F,524,4,4
6,694,1,F,692,4,4
6,614,1,F,1154,4,4
6,694,1,F,1154,4,4
6,698,1,F,1069,4,4
6,694,1,F,649,4,4
6,634,1,F,524,4,4
6,614,1,F,1337,4,4
6,614,1,F,1154,4,4
6,694,1,F,1154,4,4
6,614,1,F,996,4,4
6,694,1,F,752,4,4
6,622,1,F,3414,4,4
6,614,1,F,826,4,5
6,698,1,F,1062,4,4
6,614,1,F,1558,4,4
6,698,1,F,1558,4,4
6,634,1,F,804,4,4
6,637,1,F,967,4,4
6,634,1,F,1123,4,4
6,694,1,F,752,4,4
6,622,1,F,3414,4,4
6,614,1,F,826,4,4
6,634,1,F,804,4,4
6,614,1,F,349,4,4
6,614,1,F,1449,4,4
6,619,1,F,775,4,4
6,614,1,F,1553,4,4
6,619,1,F,853,4,4
6,619,1,F,794,4,4
6,614,1,F,948,4,4
6,619,1,F,896,4,4
6,619,1,F,680,4,4
6,612,1,F,1553,4,4
6,614,1,F,794,4,4
6,619,1,F,391,4,4
6,619,1,F,639,4,4
6,673,1,F,977,4,4
6,677,1,F,794,4,4
6,677,1,F,563,4,4
6,673,1,F,391,4,4
6,694,1,F,896,4,4
6,698,1,F,846,4,4
6,694,1,F,896,4,4
6,698,1,F,846,4,4
6,614,1,F,680,4,4
6,675,1,F,420,4,4
6,675,1,F,420,4,4
6,631,1,F,1081,4,3
6,631,1,F,1081,4,4
6,691,2,G,850,4,4
6,691,2,G,1024,4,4
6,626,2,G,391,4,4
6,626,2,G,391,4,4
6,631,1,F,692,5,5
6,631,1,F,977,5,5
6,631,1,F,977,5,5
6,629,1,F,455,5,5
6,673,1,F,1199,5,5
6,629,1,F,455,5,5
6,673,1,F,1201,5,5
6,631,1,F,250,5,5
6,631,1,F,752,5,5
6,673,1,F,420,5,5
6,629,1,F,533,5,5
6,631,1,F,872,5,5
6,631,1,F,604,5,5
6,629,1,F,472,5,4
6,629,1,F,916,5,5
6,631,1,F,250,5,5
6,631,1,F,533,5,5
6,673,1,F,872,5,5
6,629,1,F,776,5,4
6,631,1,F,391,5,4
6,694,1,F,649,5,5
6,634,1,F,1337,5,5
6,698,1,F,1491,5,5
6,694,1,F,692,5,5
6,634,1,F,1337,5,5
6,698,1,F,1069,5,5
6,627,1,F,1605,5,5
6,698,1,F,836,5,5
6,694,1,F,964,5,5
6,694,1,F,819,5,5
6,694,1,F,948,5,6
6,694,1,F,909,5,5
6,698,1,F,639,5,5
6,614,1,F,1703,5,5
6,698,1,F,836,5,5
6,634,1,F,533,5,5
6,634,1,F,495,5,5
6,694,1,F,819,5,5
6,614,1,F,991,5,5
6,698,1,F,1024,5,5
6,698,1,F,948,5,5
6,698,1,F,639,5,5
6,619,1,F,1014,5,5
6,612,1,F,854,5,5
6,619,1,F,680,5,5
6,619,1,F,770,5,5
6,619,1,F,883,5,5
6,612,1,F,854,5,5
6,614,1,F,495,5,5
6,614,1,F,1290,5,5
6,619,1,F,770,5,5
6,677,1,F,770,5,5
6,699,1,F,602,5,5
6,699,1,F,602,5,5
6,614,1,F,680,5,5
6,675,1,F,692,5,5
4,405,1,F,90,5,5
4,405,1,F,90,5,5
6,631,1,F,872,6,6
6,631,1,F,680,6,6
6,631,1,F,1081,6,6
6,631,1,F,1081,6,6
6,631,1,F,1199,6,6
6,673,1,F,1201,6,6
6,673,1,F,834,6,6
6,673,1,F,1337,6,6
6,629,1,F,964,6,6
6,673,1,F,1040,6,6
6,631,1,F,589,6,6
6,631,1,F,752,6,6
6,673,1,F,420,6,6
6,631,1,F,872,6,6
6,631,1,F,604,6,6
6,673,1,F,1040,6,6
6,631,1,F,898,6,6
6,629,1,F,916,6,6
6,631,1,F,541,6,6
6,631,1,F,639,6,6
6,634,1,F,775,6,6
6,634,1,F,1123,6,6
6,694,1,F,1015,6,6
6,614,1,F,977,6,6
6,694,1,F,533,6,6
6,694,1,F,896,6,6
6,694,1,F,1062,6,6
6,627,1,F,1605,6,6
6,614,1,F,977,6,6
6,698,1,F,977,6,6
6,694,1,F,964,6,6
6,694,1,F,896,6,6
6,694,1,F,1558,6,6
6,612,1,F,1703,6,6
6,614,1,F,1447,6,7
6,614,1,F,533,6,6
6,619,1,F,957,6,6
6,614,1,F,495,6,6
6,614,1,F,1447,6,6
6,614,1,F,967,6,6
6,614,1,F,391,6,6
6,677,1,F,1199,6,6
6,677,1,F,1199,6,5
6,677,1,F,641,6,6
6,677,1,F,472,6,6
6,677,1,F,1024,6,6
6,622,2,G,207,6,6
6,626,2,G,872,6,6
7,730,2,G,872,6,6
6,622,2,G,207,6,6
7,730,2,G,872,6,6
6,675,1,F,483,6,6
6,655,1,F,420,7,7
6,655,1,F,420,7,7
6,631,1,F,1162,7,7
6,631,1,F,1162,7,7
6,631,1,F,775,7,7
6,673,1,F,845,7,7
6,673,1,F,1337,7,7
6,631,1,F,212,7,7
6,673,1,F,1482,7,7
6,673,1,F,1482,7,7
6,614,1,F,455,7,7
6,698,1,F,649,7,7
6,698,1,F,850,7,7
6,614,1,F,455,7,7
6,698,1,F,649,7,7
6,698,1,F,850,7,7
6,634,1,F,589,7,7
6,634,1,F,996,7,7
6,698,1,F,996,7,7
6,634,1,F,896,7,7
6,698,1,F,495,7,7
6,698,1,F,1290,7,7
6,634,1,F,391,7,7
6,634,1,F,589,7,7
6,634,1,F,996,7,7
6,694,1,F,533,7,7
6,634,1,F,896,7,7
6,614,1,F,1558,7,7
6,698,1,F,1290,7,7
6,694,1,F,541,7,7
6,619,1,F,775,7,7
6,614,1,F,1201,7,7
6,614,1,F,1605,7,7
6,612,1,F,1179,7,7
6,614,1,F,1436,7,7
6,612,1,F,1179,7,7
6,619,1,F,541,7,7
6,675,1,F,692,7,7
6,675,1,F,141,7,7
6,675,1,F,483,7,7
7,740,2,G,1024,7,7
7,740,2,G,1024,7,7
6,694,1,F,602,8,8
6,694,1,F,602,8,8
6,631,1,F,1201,8,8
6,631,1,F,1069,8,8
6,631,1,F,639,8,7
6,631,1,F,495,8,8
6,698,1,F,775,8,8
6,698,1,F,775,8,8
6,694,1,F,1671,8,8
6,694,1,F,1123,8,8
6,614,1,F,1703,8,8
6,698,1,F,1620,8,8
6,694,1,F,826,8,8
6,634,1,F,680,8,8
6,634,1,F,1024,8,8
6,694,1,F,541,8,8
6,698,1,F,996,8,8
6,694,1,F,1062,8,8
6,634,1,F,391,8,8
6,614,1,F,836,8,8
6,619,1,F,883,8,8
6,619,1,F,862,8,8
6,619,1,F,495,8,8
6,619,1,F,602,8,8
6,619,1,F,967,8,8
6,619,1,F,628,8,8
6,619,1,F,533,8,8
6,614,1,F,1436,8,8
6,677,1,F,1014,8,8
6,698,1,F,964,8,8
6,698,1,F,964,8,8
7,740,2,G,957,8,8
6,675,1,F,152,8,8
6,675,1,F,152,8,8
6,675,1,F,141,8,8
6,698,1,F,543,9,9
6,698,1,F,543,9,9
6,655,1,F,604,9,9
6,698,1,F,655,9,9
6,655,1,F,604,9,9
6,698,1,F,655,9,9
6,675,1,F,665,9,9
6,675,1,F,665,9,9
6,629,1,F,692,9,9
6,673,1,F,752,9,9
6,629,1,F,495,9,9
6,631,1,F,495,9,9
6,673,1,F,752,9,9
6,631,1,F,212,9,9
6,673,1,F,964,9,9
6,694,1,F,1491,9,9
6,694,1,F,977,9,9
6,614,1,F,991,9,9
6,694,1,F,1123,9,9
6,694,1,F,996,9,9
6,694,1,F,977,9,9
6,694,1,F,826,9,9
6,619,1,F,1199,9,9
6,614,1,F,1671,9,9
6,614,1,F,977,9,9
6,614,1,F,680,9,9
6,619,1,F,794,9,9
6,698,1,F,1476,9,9
6,622,2,G,1024,9,9
6,673,1,F,1154,10,10
6,629,1,F,850,10,10
6,673,1,F,1154,10,10
6,673,1,F,639,10,10
6,629,1,F,770,10,10
6,694,1,F,1671,10,10
6,694,1,F,1491,10,10
6,694,1,F,589,10,10
6,614,1,F,483,10,10
6,698,1,F,776,10,10
6,694,1,F,589,10,10
6,694,1,F,1452,10,10
6,634,1,F,1062,10,10
6,634,1,F,819,10,10
6,698,1,F,776,10,10
6,612,1,F,1201,10,10
6,619,1,F,628,10,10
6,614,1,F,680,10,10
6,612,1,F,1024,10,11
6,619,1,F,495,10,10
6,612,1,F,1024,10,10
6,619,1,F,967,10,10
6,677,1,F,809,10,10
6,698,1,F,1476,10,10
6,698,1,F,589,10,10
6,698,1,F,589,10,10
6,691,2,G,872,10,10
6,626,2,G,872,10,10
6,675,1,F,541,10,10
6,675,1,F,541,10,10
4,405,1,F,218,10,1
4,405,1,F,218,10,1
4,479,1,F,328,10,10
4,479,1,F,328,10,9
6,698,1,F,1620,11,11
6,629,1,F,495,11,11
6,614,1,F,1491,11,11
6,694,1,F,996,11,11
6,694,1,F,1452,11,11
6,614,1,F,1062,11,10
6,634,1,F,472,11,11
6,634,1,F,819,11,11
6,614,1,F,909,11,11
6,614,1,F,483,11,11
6,614,1,F,1452,11,11
6,619,1,F,862,11,11
6,614,1,F,533,11,11
6,619,1,F,602,11,11
6,698,1,F,834,11,11
6,698,1,F,834,11,11
6,675,1,F,1015,11,11
6,694,1,F,1626,12,13
6,694,1,F,1626,12,13
6,631,1,F,794,12,12
6,631,1,F,794,12,12
6,629,1,F,996,12,12
6,694,1,F,680,12,13
6,698,1,F,1436,12,12
6,614,1,F,1024,12,12
6,694,1,F,641,12,12
6,614,1,F,896,12,12
6,634,1,F,680,12,12
6,694,1,F,909,12,12
6,619,1,F,1014,12,12
6,622,2,G,632,12,12
6,675,1,F,637,12,12
6,698,1,F,1069,13,13
6,698,1,F,1069,13,13
6,698,1,F,1620,13,13
6,631,1,F,391,13,13
6,629,1,F,752,13,13
6,694,1,F,455,13,13
6,614,1,F,589,13,14
6,614,1,F,896,13,13
6,614,1,F,472,13,13
6,614,1,F,819,13,13
6,694,1,F,1506,13,13
6,634,1,F,1546,13,13
6,698,1,F,1436,13,13
6,694,1,F,853,13,13
6,698,1,F,524,13,13
6,694,1,F,692,13,13
6,698,1,F,524,13,13
6,694,1,F,692,13,13
6,698,1,F,1370,13,13
6,698,1,F,1024,13,13
6,698,1,F,1370,13,13
6,698,1,F,1024,13,13
6,622,2,G,957,13,13
6,629,1,F,692,14,14
6,694,1,F,455,14,14
6,614,1,F,775,14,14
6,614,1,F,853,14,14
6,614,1,F,589,14,14
6,698,1,F,862,14,13
6,614,1,F,472,14,14
6,614,1,F,819,14,14
6,614,1,F,948,14,14
6,619,1,F,651,14,14
6,614,1,F,1703,14,14
6,699,1,F,1014,14,14
6,699,1,F,1014,14,14
6,673,1,F,1068,15,15
6,629,1,F,996,15,15
6,673,1,F,1068,15,15
6,614,1,F,349,15,15
6,614,1,F,1290,15,15
6,634,1,F,472,15,15
6,614,1,F,1290,15,15
6,677,1,F,589,15,14
6,694,1,F,826,15,15
6,694,1,F,826,15,15
7,732,2,G,872,15,15
6,675,1,F,624,15,15
6,675,1,F,616,15,15
6,675,1,F,616,15,15
6,673,1,F,1068,15,15
6,673,1,F,1068,15,15
8,888,1,F,1123,16,16
6,629,1,F,752,16,16
6,614,1,F,349,16,16
6,694,1,F,628,16,16
6,698,1,F,1620,16,16
6,614,1,F,1024,16,16
6,614,1,F,909,16,16
6,677,1,F,872,16,16
6,694,1,F,1014,16,16
6,694,1,F,1014,16,16
6,698,1,F,679,16,16
6,698,1,F,1162,16,16
6,698,1,F,679,16,16
6,698,1,F,1162,16,16
6,622,2,G,632,16,16
6,622,2,G,1061,16,16
6,622,2,G,872,16,16
7,732,2,G,872,16,16
6,622,2,G,1061,16,16
6,675,1,F,624,16,16
6,675,1,F,771,16,16
4,458,1,F,328,16,16
4,458,1,F,328,16,16
6,622,1,F,680,17,18
6,622,1,F,1123,17,17
6,631,1,F,541,17,17
6,673,1,F,349,17,17
6,631,1,F,533,17,17
6,673,1,F,776,17,17
6,631,1,F,563,17,17
6,673,1,F,776,17,17
6,698,1,F,1154,17,17
6,634,1,F,349,17,17
6,634,1,F,1201,17,19
6,634,1,F,977,17,17
6,694,1,F,628,17,17
6,698,1,F,964,17,17
6,614,1,F,1062,17,16
6,634,1,F,1290,17,17
6,634,1,F,948,17,17
6,619,1,F,651,17,17
6,698,1,F,991,17,17
6,694,1,F,1024,17,17
6,698,1,F,991,17,17
6,694,1,F,1024,17,17
6,675,1,F,752,17,17
6,631,1,F,563,18,18
6,673,1,F,996,18,18
6,631,1,F,616,18,18
6,673,1,F,996,18,18
6,631,1,F,420,18,18
6,634,1,F,349,18,18
6,614,1,F,1491,18,18
6,698,1,F,1154,18,18
6,698,1,F,862,18,18
6,634,1,F,1290,18,18
6,614,1,F,948,18,18
6,698,1,F,948,18,18
6,694,1,F,391,18,18
6,694,1,F,770,18,18
6,694,1,F,391,18,18
6,634,1,F,1506,18,18
6,614,1,F,628,18,18
6,677,1,F,541,18,17
6,675,1,F,73,18,18
6,675,1,F,73,18,18
6,675,1,F,589,18,18
6,691,2,G,455,18,18
6,691,2,G,455,18,18
6,691,2,G,819,18,18
6,691,2,G,819,18,18
6,691,2,G,828,18,18
6,631,1,F,420,19,19
6,631,1,F,1024,19,19
6,673,1,F,300,19,19
6,698,1,F,1671,19,19
6,698,1,F,524,19,19
6,698,1,F,524,19,19
6,698,1,F,964,19,19
6,634,1,F,1062,19,19
6,614,1,F,602,19,19
6,698,1,F,804,19,19
6,634,1,F,794,19,19
8,889,1,F,967,19,19
6,698,1,F,483,19,19
6,614,1,F,836,19,19
6,698,1,F,804,19,19
8,889,1,F,967,19,19
6,694,1,F,1506,19,19
6,677,1,F,349,19,19
6,677,1,F,349,19,19
6,677,1,F,1201,19,19
6,677,1,F,391,19,19
6,677,1,F,533,19,19
6,698,1,F,911,19,19
6,622,2,G,626,19,19
6,622,2,G,626,19,19
6,691,2,G,872,19,19
6,631,1,F,1199,20,20
6,631,1,F,752,20,20
6,631,1,F,1062,20,19
6,631,1,F,292,20,20
6,673,1,F,1085,20,20
6,673,1,F,533,20,20
6,629,1,F,616,20,20
6,631,1,F,641,20,20
6,673,1,F,844,20,20
6,673,1,F,602,20,20
6,631,1,F,794,20,19
6,694,1,F,775,20,20
6,694,1,F,1337,20,20
6,694,1,F,1337,20,20
6,694,1,F,483,20,20
6,698,1,F,483,20,20
6,614,1,F,836,20,20
6,698,1,F,533,20,20
6,694,1,F,495,20,20
6,694,1,F,1290,20,20
6,694,1,F,853,20,20
6,694,1,F,794,20,20
6,694,1,F,483,20,20
6,614,1,F,1201,20,20
6,694,1,F,589,20,20
6,694,1,F,589,20,20
6,698,1,F,911,20,20
8,888,1,F,680,21,21
6,631,1,F,420,21,20
6,629,1,F,649,21,21
6,673,1,F,349,21,21
6,629,1,F,770,21,21
6,631,1,F,292,21,21
6,614,1,F,1199,21,20
6,694,1,F,1703,21,21
6,614,1,F,680,21,21
6,698,1,F,819,21,21
6,694,1,F,991,21,21
6,698,1,F,1024,21,21
6,634,1,F,948,21,21
6,634,1,F,1506,21,21
6,698,1,F,1015,21,20
6,698,1,F,533,21,21
6,698,1,F,819,21,21
6,698,1,F,1558,21,20
6,694,1,F,1290,21,21
6,694,1,F,770,21,21
6,614,1,F,1506,21,21
6,612,1,F,1671,21,21
6,614,1,F,804,21,21
6,614,1,F,1024,21,21
6,614,1,F,391,21,21
6,677,1,F,533,21,21
4,416,2,G,160,22,22
4,416,2,G,40,22,22
6,631,1,F,1069,22,21
6,631,1,F,141,22,22
6,631,1,F,637,22,22
6,631,1,F,848,22,22
6,673,1,F,775,22,22
6,629,1,F,638,22,22
6,631,1,F,771,22,22
6,673,1,F,423,22,22
6,698,1,F,1671,22,22
6,694,1,F,472,22,22
6,698,1,F,1482,22,22
6,698,1,F,916,22,22
6,627,1,F,967,22,22
6,694,1,F,1703,22,22
6,694,1,F,680,22,21
6,698,1,F,1062,22,22
6,694,1,F,472,22,22
6,694,1,F,991,22,22
6,698,1,F,1482,22,22
6,634,1,F,794,22,22
6,698,1,F,916,22,22
6,612,1,F,1201,22,22
6,614,1,F,1154,22,22
6,614,1,F,1620,22,22
6,677,1,F,1154,22,22
6,694,1,F,516,22,22
6,694,1,F,516,22,22
4,416,2,G,160,22,22
6,622,2,G,854,22,22
4,416,2,G,40,22,22
4,416,2,G,172,22,22
6,622,2,G,854,22,22
6,691,2,G,804,22,22
6,631,1,F,141,23,23
6,631,1,F,472,23,25
6,631,1,F,300,23,23
6,629,1,F,349,23,23
6,673,1,F,1199,23,23
6,673,1,F,850,23,23
6,673,1,F,1069,23,23
6,629,1,F,349,23,23
6,673,1,F,641,23,23
6,673,1,F,844,23,23
6,673,1,F,602,23,23
6,673,1,F,483,23,23
6,673,1,F,533,23,23
6,629,1,F,964,23,23
6,629,1,F,931,23,23
6,631,1,F,848,23,23
6,634,1,F,649,23,23
6,634,1,F,649,23,23
6,698,1,F,406,23,23
6,694,1,F,495,23,23
6,698,1,F,495,23,23
6,634,1,F,1558,23,23
6,614,1,F,602,23,23
6,627,1,F,967,23,23
6,612,1,F,1449,23,23
6,614,1,F,649,23,23
6,612,1,F,1449,23,22
6,614,1,F,1123,23,23
6,614,1,F,1024,23,23
6,614,1,F,639,23,23
6,677,1,F,1154,23,23
6,677,1,F,563,23,23
6,675,1,F,1162,23,23
6,675,1,F,1162,23,22
6,675,1,F,927,23,23
6,675,1,F,927,23,23
6,608,1,F,1069,24,24
6,608,1,F,1069,24,24
6,631,1,F,637,24,25
6,631,1,F,420,24,23
6,629,1,F,850,24,24
6,629,1,F,931,24,24
6,631,1,F,913,24,24
6,629,1,F,541,24,24
6,614,1,F,649,24,24
6,634,1,F,775,24,25
6,694,1,F,775,24,24
6,614,1,F,641,24,24
6,634,1,F,1703,24,23
6,694,1,F,420,24,24
6,622,1,F,3329,24,24
6,622,1,F,3302,24,24
6,614,1,F,1506,24,24
6,634,1,F,1703,24,24
6,694,1,F,420,24,24
6,698,1,F,406,24,24
6,622,1,F,3329,24,24
6,622,1,F,3302,24,24
6,698,1,F,541,24,24
6,614,1,F,649,24,24
6,612,1,F,1447,24,24
6,612,1,F,1447,24,24
6,614,1,F,819,24,24
6,614,1,F,948,24,24
6,677,1,F,775,24,24
6,677,1,F,563,24,24
6,677,1,F,1024,24,24
6,677,1,F,541,24,23
6,694,1,F,483,24,24
6,694,1,F,483,24,24
4,416,2,G,172,24,24
6,675,1,F,809,24,24
4,479,1,F,277,24,24
6,631,1,F,1069,25,25
6,673,1,F,964,25,25
6,631,1,F,776,25,25
6,614,1,F,1754,25,25
6,698,1,F,1337,25,25
6,614,1,F,1199,25,25
6,614,1,F,649,25,25
6,698,1,F,1337,25,25
6,698,1,F,967,25,25
6,614,1,F,641,25,25
6,614,1,F,680,25,25
6,698,1,F,909,25,25
6,614,1,F,651,25,25
6,614,1,F,909,25,25
6,677,1,F,495,25,25
6,698,1,F,391,25,25
6,698,1,F,770,25,25
6,698,1,F,604,25,25
6,698,1,F,391,25,25
6,698,1,F,770,25,25
4,416,2,G,160,26,26
6,631,1,F,872,26,26
6,631,1,F,495,26,26
6,631,1,F,913,26,26
6,673,1,F,1014,26,26
6,631,1,F,1083,26,26
6,673,1,F,483,26,26
6,631,1,F,776,26,26
6,629,1,F,792,26,26
6,673,1,F,589,26,26
6,629,1,F,576,26,26
6,673,1,F,472,26,26
6,629,1,F,792,26,26
6,698,1,F,541,26,26
6,634,1,F,602,26,26
6,694,1,F,948,26,26
6,614,1,F,775,26,26
6,612,1,F,1558,26,24
6,612,1,F,1290,26,27
6,612,1,F,1703,26,26
6,614,1,F,836,26,26
6,698,1,F,604,26,26
6,694,1,F,977,26,26
6,698,1,F,628,26,26
6,694,1,F,977,26,26
6,698,1,F,628,26,26
4,416,2,G,160,26,26
6,612,1,F,680,26,26
6,612,1,F,680,26,26
6,675,1,F,533,26,26
6,675,1,F,196,26,26
6,675,1,F,196,26,26
4,479,1,F,170,26,26
4,479,1,F,170,26,26
4,479,1,F,277,26,26
6,631,1,F,533,27,29
6,631,1,F,679,27,27
6,631,1,F,472,27,26
6,631,1,F,1014,27,27
6,673,1,F,1014,27,27
6,629,1,F,576,27,27
6,673,1,F,423,27,27
6,673,1,F,472,27,27
6,629,1,F,834,27,27
6,634,1,F,1491,27,27
6,634,1,F,602,27,27
6,614,1,F,794,27,27
6,698,1,F,909,27,27
6,698,1,F,602,27,27
6,614,1,F,794,27,27
6,612,1,F,1610,27,27
6,614,1,F,1671,27,27
6,614,1,F,1754,27,27
6,614,1,F,1123,27,27
6,614,1,F,804,27,27
6,677,1,F,73,27,27
6,677,1,F,775,27,27
7,740,2,G,872,27,27
6,614,1,F,1558,28,24
6,698,1,F,602,28,28
6,622,1,F,721,28,26
6,614,1,F,862,28,28
6,699,1,F,1709,28,28
6,698,1,F,602,28,28
6,694,1,F,1123,28,29
6,631,1,F,495,28,29
6,631,1,F,679,28,28
6,631,1,F,1083,28,28
6,673,1,F,911,28,28
6,629,1,F,423,28,28
6,629,1,F,423,28,28
6,614,1,F,775,28,28
6,634,1,F,1476,28,28
6,634,1,F,1476,28,27
6,614,1,F,1290,28,28
6,698,1,F,1436,28,28
6,698,1,F,794,28,28
6,694,1,F,991,28,28
6,698,1,F,1436,28,28
6,698,1,F,794,28,28
6,694,1,F,1123,28,28
6,699,1,F,1703,28,28
6,699,1,F,1703,28,28
6,694,1,F,862,28,28
6,638,1,F,722,28,26
6,675,1,F,627,28,28
6,675,1,F,911,28,28
6,614,1,F,862,29,29
6,699,1,F,1709,29,29
6,622,1,F,721,29,27
6,631,1,F,701,29,27
6,629,1,F,420,29,29
6,631,1,F,701,29,29
6,634,1,F,1199,29,29
6,634,1,F,836,29,29
6,627,1,F,862,29,29
6,698,1,F,602,29,29
8,887,1,F,967,29,29
6,627,1,F,862,29,29
6,612,1,F,1015,29,29
6,614,1,F,977,29,30
6,614,1,F,1605,29,29
6,612,1,F,1015,29,29
6,677,1,F,1083,29,29
6,694,1,F,1199,29,29
6,694,1,F,1154,29,29
6,694,1,F,991,29,29
6,698,1,F,853,29,29
6,698,1,F,1452,29,29
6,698,1,F,853,29,29
6,694,1,F,862,29,29
6,694,1,F,862,29,29
6,694,1,F,853,29,29
6,694,1,F,641,29,29
6,694,1,F,1123,29,29
6,694,1,F,862,29,29
6,694,1,F,680,29,29
6,694,1,F,853,29,29
6,638,1,F,722,29,28
6,638,1,F,419,29,29
6,638,1,F,419,29,29
6,614,1,F,1024,29,32
6,614,1,F,1024,29,32
6,675,1,F,391,29,29
6,675,1,F,391,29,28
6,699,1,F,602,30,30
6,699,1,F,602,30,30
6,694,1,F,1184,30,29
6,694,1,F,1184,30,28
6,694,1,F,1123,30,30
6,631,1,F,120,30,30
6,631,1,F,120,30,30
6,629,1,F,524,30,30
6,631,1,F,809,30,30
6,629,1,F,649,30,30
6,673,1,F,649,30,30
6,631,1,F,844,30,30
6,629,1,F,594,30,30
6,629,1,F,594,30,30
6,631,1,F,809,30,30
6,629,1,F,573,30,30
6,627,1,F,3365,30,30
6,634,1,F,836,30,30
6,627,1,F,3365,30,30
8,887,1,F,862,30,30
6,698,1,F,420,30,30
6,634,1,F,977,30,30
6,634,1,F,1024,30,30
6,612,1,F,1610,30,30
6,614,1,F,909,30,30
6,612,1,F,1558,30,30
6,612,1,F,1506,30,30
6,677,1,F,1014,30,30
6,699,1,F,775,30,30
6,699,1,F,1201,30,30
6,698,1,F,1337,30,30
6,694,1,F,1154,30,30
6,698,1,F,1520,30,30
6,698,1,F,551,30,30
6,694,1,F,1199,30,30
6,698,1,F,1199,30,30
6,699,1,F,775,30,30
6,699,1,F,1201,30,30
6,698,1,F,1337,30,30
6,698,1,F,641,30,30
6,698,1,F,1452,30,30
6,699,1,F,628,30,30
6,694,1,F,1620,30,30
6,699,1,F,872,30,30
6,694,1,F,1709,30,30
6,694,1,F,1062,30,30
6,694,1,F,472,30,30
6,699,1,F,991,30,30
6,694,1,F,1558,30,30
6,698,1,F,1558,30,30
6,694,1,F,1290,30,30
6,694,1,F,853,30,30
6,699,1,F,1024,30,30
6,699,1,F,391,30,30
6,699,1,F,770,30,30
6,698,1,F,1506,30,30
6,698,1,F,641,30,30
6,699,1,F,628,30,30
6,694,1,F,1620,30,30
6,698,1,F,1520,30,30
6,699,1,F,872,30,30
6,694,1,F,1709,30,30
6,694,1,F,1062,30,30
6,694,1,F,472,30,30
6,699,1,F,991,30,30
6,694,1,F,1558,30,30
6,698,1,F,1558,30,30
6,698,1,F,551,30,30
6,694,1,F,1290,30,30
6,699,1,F,853,30,30
6,699,1,F,1024,30,30
6,699,1,F,391,30,30
6,699,1,F,770,30,30
6,698,1,F,1506,30,30
6,694,1,F,641,30,30
6,698,1,F,862,30,30
6,694,1,F,680,30,30
6,698,1,F,862,30,30
6,634,1,F,1024,30,30
6,634,1,F,1024,30,29
6,675,1,F,1048,30,30
6,675,1,F,1048,30,29
6,699,1,F,1558,31,31
6,673,1,F,455,31,31
6,673,1,F,455,31,31
6,629,1,F,524,31,31
6,673,1,F,916,31,31
6,629,1,F,420,31,31
6,673,1,F,911,31,31
6,673,1,F,916,31,31
6,698,1,F,420,31,31
6,694,1,F,1620,31,31
6,614,1,F,1546,31,31
6,694,1,F,602,31,31
6,694,1,F,602,31,31
6,634,1,F,909,31,31
6,612,1,F,1123,31,31
6,698,1,F,1199,31,31
6,699,1,F,853,31,31
6,694,1,F,391,31,31
6,694,1,F,853,31,31
6,694,1,F,391,31,31
6,675,1,F,1024,31,31
6,675,1,F,1024,31,31
6,626,2,G,1024,31,31
6,699,1,F,1626,32,32
6,699,1,F,1626,32,32
6,694,1,F,391,32,37
6,694,1,F,391,32,37
6,631,1,F,775,32,32
6,631,1,F,1069,32,32
6,694,1,F,1754,32,32
6,634,1,F,1201,32,32
6,698,1,F,846,32,32
6,614,1,F,775,32,33
6,614,1,F,1754,32,32
6,614,1,F,651,32,32
6,612,1,F,819,32,33
6,614,1,F,1558,32,32
6,612,1,F,804,32,32
6,677,1,F,1083,32,32
6,698,1,F,896,32,32
6,698,1,F,896,32,32
6,626,2,G,1024,32,32
6,629,1,F,483,33,33
6,673,1,F,834,33,33
6,634,1,F,1199,33,33
6,698,1,F,472,33,33
6,614,1,F,1199,33,33
6,614,1,F,896,33,33
6,612,1,F,639,33,33
6,677,1,F,977,33,33
6,694,1,F,533,33,33
6,694,1,F,533,33,33
7,740,2,G,872,33,33
6,675,1,F,771,33,33
6,675,1,F,627,33,33
6,614,1,F,641,34,34
6,629,1,F,639,34,34
6,698,1,F,896,34,33
6,694,1,F,888,34,34
6,634,1,F,641,34,34
6,614,1,F,1703,34,33
6,694,1,F,1123,34,34
6,675,1,F,423,34,34
8,888,1,F,1123,35,35
6,629,1,F,300,35,35
6,673,1,F,1015,35,35
6,694,1,F,641,35,35
6,698,1,F,641,35,35
6,694,1,F,1620,35,34
6,698,1,F,896,35,34
6,634,1,F,853,35,35
6,698,1,F,846,35,35
6,614,1,F,1014,35,35
6,614,1,F,1558,35,35
6,612,1,F,1123,35,35
6,612,1,F,836,35,35
6,614,1,F,1452,35,35
6,614,1,F,991,35,35
6,694,1,F,1123,35,35
6,626,2,G,977,35,35
6,626,2,G,977,35,35
6,675,1,F,349,35,35
6,675,1,F,349,35,36
6,675,1,F,563,35,34
8,888,1,F,1199,36,36
6,631,1,F,1085,36,36
6,629,1,F,911,36,35
6,629,1,F,563,36,36
6,629,1,F,483,36,36
6,629,1,F,616,36,36
6,614,1,F,1201,36,36
6,694,1,F,1605,36,36
6,614,1,F,967,36,36
6,677,1,F,809,36,36
6,675,1,F,563,36,36
6,691,2,G,1024,36,36
8,888,1,F,1199,37,37
6,698,1,F,1626,37,36
6,698,1,F,1626,37,35
6,631,1,F,300,37,37
6,629,1,F,563,37,37
6,634,1,F,1491,37,37
6,634,1,F,641,37,36
6,698,1,F,1015,37,36
6,694,1,F,1546,37,37
6,698,1,F,472,37,37
6,614,1,F,1605,37,37
6,694,1,F,888,37,38
6,612,1,F,649,37,37
6,612,1,F,1154,37,37
6,612,1,F,1546,37,37
6,612,1,F,1506,37,37
6,614,1,F,1546,37,37
6,675,1,F,752,37,37
6,629,1,F,516,38,38
6,629,1,F,516,38,38
6,698,1,F,967,38,38
6,612,1,F,1620,38,37
6,612,1,F,804,38,38
6,612,1,F,1024,38,34
6,675,1,F,423,39,39
6,612,1,F,991,39,39
6,612,1,F,1024,39,35
6,612,1,F,649,39,39
6,698,1,F,589,39,39
6,698,1,F,589,39,39
6,694,1,F,862,40,40
6,673,1,F,639,40,40
4,405,1,F,296,40,40
6,698,1,F,853,40,39
6,673,1,F,649,40,40
6,629,1,F,300,40,40
6,698,1,F,853,40,39
6,698,1,F,692,41,41
6,698,1,F,692,41,41
6,694,1,F,406,41,41
6,694,1,F,862,41,42
6,698,1,F,641,41,41
6,698,1,F,752,41,41
6,614,1,F,628,41,41
6,614,1,F,770,41,41
4,405,1,F,296,41,40
6,698,1,F,391,42,38
6,673,1,F,850,42,42
6,673,1,F,495,42,42
6,673,1,F,300,42,42
6,629,1,F,391,42,42
6,673,1,F,495,42,42
6,698,1,F,752,42,42
6,634,1,F,909,42,42
6,612,1,F,1491,42,41
6,614,1,F,1024,42,42
6,608,1,F,1024,43,43
6,698,1,F,391,43,39
6,673,1,F,872,43,43
6,694,1,F,406,43,43
6,694,1,F,1436,43,43
6,608,1,F,1024,44,43
6,631,1,F,1199,44,43
6,614,1,F,1123,44,44
6,634,1,F,1546,44,44
6,634,1,F,853,44,44
6,698,1,F,680,44,44
6,614,1,F,896,44,44
6,614,1,F,853,44,44
6,631,1,F,770,45,47
6,629,1,F,637,45,45
6,694,1,F,1436,45,45
6,699,1,F,888,45,45
6,699,1,F,888,45,45
6,673,1,F,589,46,46
6,673,1,F,948,46,46
6,673,1,F,948,46,46
6,634,1,F,1754,46,46
6,634,1,F,888,46,47
6,614,1,F,1123,46,46
6,698,1,F,826,46,46
6,675,1,F,770,46,46
4,405,1,F,289,46,46
6,694,1,F,1620,47,46
6,629,1,F,679,47,46
6,673,1,F,898,47,47
6,694,1,F,1605,47,47
6,698,1,F,826,47,46
6,634,1,F,1558,47,47
6,622,1,F,1605,47,47
6,694,1,F,1546,47,47
6,614,1,F,862,47,47
6,614,1,F,862,47,47
6,677,1,F,977,47,47
4,405,1,F,289,47,45
6,614,1,F,1626,48,48
6,656,1,F,1123,48,47
6,614,1,F,1626,48,48
6,629,1,F,541,48,48
6,614,1,F,1201,48,48
6,622,1,F,1605,48,48
6,612,1,F,1290,48,48
6,656,1,F,1123,49,48
6,694,1,F,1620,49,47
6,631,1,F,775,49,49
6,631,1,F,406,49,49
6,631,1,F,406,49,49
6,629,1,F,845,49,49
6,629,1,F,679,49,47
6,673,1,F,898,49,49
6,614,1,F,1546,49,49
6,634,1,F,991,49,49
6,612,1,F,1605,49,48
6,675,1,F,809,49,49
6,675,1,F,385,50,50
6,629,1,F,250,50,50
6,629,1,F,250,50,50
6,631,1,F,1013,50,50
6,614,1,F,2405,50,50
6,614,1,F,957,50,50
6,675,1,F,385,51,51
6,631,1,F,1013,51,51
6,629,1,F,391,51,50
6,673,1,F,909,51,51
6,612,1,F,1452,51,51
4,461,1,F,383,51,47
4,461,1,F,383,51,46
6,629,1,F,298,52,51
6,629,1,F,573,52,52
6,629,1,F,113,52,52
6,629,1,F,637,52,52
6,629,1,F,298,52,51
6,614,1,F,628,52,52
6,614,1,F,853,52,52
6,614,1,F,1014,52,52
6,612,1,F,541,52,52
6,675,1,F,488,52,52
6,675,1,F,488,52,52
4,479,1,F,180,52,49
4,479,1,F,221,52,51
4,458,1,F,277,52,52
4,479,1,F,180,52,51
4,479,1,F,221,52,49
4,479,1,F,218,52,52
4,458,1,F,259,52,52
4,479,1,F,218,52,52
4,458,1,F,259,52,51
6,631,1,F,1085,53,51
6,629,1,F,113,53,53
6,629,1,F,771,53,52
6,614,1,F,2405,53,53
6,677,1,F,73,53,53
6,675,1,F,359,53,53
6,675,1,F,359,53,52
6,629,1,F,834,54,54
6,673,1,F,909,54,54
6,634,1,F,991,54,54
6,634,1,F,862,54,54
6,612,1,F,1199,54,54
6,612,1,F,836,54,54
6,612,1,F,1062,54,52
6,698,1,F,602,54,54
6,698,1,F,602,54,54
4,458,1,F,277,54,53
6,622,1,F,1199,55,55
6,631,1,F,196,55,55
6,631,1,F,196,55,55
6,629,1,F,604,55,55
6,629,1,F,604,55,54
6,694,1,F,804,55,54
6,614,1,F,862,55,55
6,694,1,F,804,55,54
6,612,1,F,1436,55,54
6,622,1,F,1199,56,56
6,629,1,F,845,56,56
6,629,1,F,313,56,56
6,629,1,F,771,56,56
6,629,1,F,260,56,56
6,629,1,F,313,56,56
6,629,1,F,911,56,55
6,629,1,F,260,56,56
6,629,1,F,411,56,56
6,614,1,F,524,56,56
6,614,1,F,524,56,56
6,614,1,F,862,56,56
6,634,1,F,628,56,57
6,612,1,F,819,56,58
6,612,1,F,1436,56,56
6,614,1,F,1506,56,55
6,612,1,F,1062,56,55
6,694,1,F,846,56,56
6,694,1,F,846,56,56
6,675,1,F,456,56,56
6,675,1,F,456,56,55
6,675,1,F,679,56,56
4,479,1,F,283,56,56
4,479,1,F,283,56,56
6,629,1,F,411,57,57
6,634,1,F,862,57,57
6,612,1,F,1754,57,57
6,612,1,F,639,57,56
6,698,1,F,680,57,57
6,694,1,F,888,57,57
6,675,1,F,230,57,57
6,675,1,F,679,57,57
6,694,1,F,1754,58,57
6,694,1,F,1754,58,57
6,608,1,F,391,58,57
6,608,1,F,391,58,57
6,631,1,F,533,58,58
6,673,1,F,73,58,57
6,638,1,F,391,58,58
6,631,1,F,737,58,58
6,638,1,F,391,58,58
6,698,1,F,991,58,58
6,614,1,F,628,58,58
6,614,1,F,770,58,58
6,612,1,F,541,58,58
6,698,1,F,680,58,58
6,675,1,F,230,58,59
6,675,1,F,770,58,58
6,614,1,F,1709,59,59
6,614,1,F,1558,59,56
6,629,1,F,852,59,58
6,629,1,F,517,59,59
6,698,1,F,455,59,59
6,698,1,F,455,59,59
6,634,1,F,888,59,60
6,694,1,F,1069,59,59
6,699,1,F,862,59,59
6,699,1,F,1546,59,59
6,699,1,F,862,59,59
6,694,1,F,862,59,59
6,694,1,F,628,59,59
6,694,1,F,888,59,59
6,675,1,F,576,59,59
6,675,1,F,576,59,59
6,614,1,F,602,60,60
6,614,1,F,1709,60,60
6,614,1,F,602,60,60
6,631,1,F,737,60,59
6,629,1,F,563,60,59
6,629,1,F,852,60,60
6,629,1,F,517,60,60
6,631,1,F,353,60,59
6,629,1,F,563,60,59
6,631,1,F,438,60,60
6,631,1,F,353,60,59
6,631,1,F,438,60,60
6,634,1,F,1754,60,59
6,634,1,F,628,60,61
6,694,1,F,1069,60,60
6,694,1,F,628,60,60
6,694,1,F,862,60,60
6,694,1,F,967,60,60
6,694,1,F,628,60,60
6,699,1,F,1546,60,60
6,694,1,F,967,60,60
6,694,1,F,628,60,60
6,675,1,F,303,60,60
6,675,1,F,303,60,60
6,699,1,F,1558,61,61
6,612,1,F,1154,61,61
6,612,1,F,957,61,61
6,612,1,F,1024,61,61
6,631,1,F,770,62,62
6,612,1,F,1754,62,62
6,631,1,F,230,62,61
6,629,1,F,639,62,62
6,631,1,F,230,63,62
6,614,1,F,1506,63,63
6,675,1,F,212,64,63
6,634,1,F,1620,65,65
6,675,1,F,212,65,64
6,614,1,F,1605,65,65
6,629,1,F,624,65,65
6,629,1,F,624,65,65
6,634,1,F,1452,65,65
6,698,1,F,991,66,66
6,614,1,F,862,66,66
6,614,1,F,602,66,66
6,629,1,F,844,67,67
6,629,1,F,212,68,68
6,629,1,F,212,69,69
6,694,1,F,967,69,69
6,698,1,F,680,70,70
6,694,1,F,967,70,70
6,612,1,F,1605,71,69
6,614,1,F,602,71,70
6,612,1,F,896,71,71
6,614,1,F,1754,72,72
6,675,1,F,300,72,72
6,675,1,F,516,73,72
6,612,1,F,883,73,74
6,614,1,F,853,73,73
6,675,1,F,516,74,74
6,614,1,F,957,74,74
6,612,1,F,495,74,74
6,677,1,F,391,75,74
6,612,1,F,1452,75,74
6,675,1,F,300,75,75
6,612,1,F,495,75,77
6,614,1,F,991,76,77
6,612,1,F,794,76,76
6,614,1,F,1024,76,76
6,629,1,F,627,77,77
6,614,1,F,1620,77,77
4,479,1,F,179,78,78
4,405,1,F,109,78,77
4,405,1,F,109,78,76
4,479,1,F,179,78,78
6,612,1,F,991,79,80
6,612,1,F,896,79,79
6,612,1,F,349,79,79
8,888,1,F,1024,79,79
6,614,1,F,862,79,79
6,694,1,F,846,79,79
8,888,1,F,1024,79,79
6,694,1,F,846,80,79
6,634,1,F,862,80,80
6,694,1,F,1476,80,80
6,614,1,F,1620,81,81
6,634,1,F,967,81,81
6,655,1,F,888,81,75
6,629,1,F,627,81,81
6,634,1,F,967,81,81
6,694,1,F,1476,81,81
6,612,1,F,883,82,79
6,655,1,F,888,82,76
6,612,1,F,794,82,82
6,634,1,F,1620,82,82
6,634,1,F,862,82,82
6,634,1,F,1452,83,83
6,612,1,F,349,83,83
6,612,1,F,850,83,83
6,612,1,F,977,83,82
6,612,1,F,850,83,82
6,612,1,F,1620,84,79
6,612,1,F,472,84,85
6,612,1,F,472,84,84
6,614,1,F,883,84,82
6,612,1,F,1491,84,85
6,614,1,F,1199,85,85
6,673,1,F,391,85,85
6,634,1,F,1605,86,84
6,629,1,F,216,86,86
6,612,1,F,770,86,85
6,629,1,F,216,86,86
6,612,1,F,1546,86,86
6,694,1,F,967,86,84
6,694,1,F,967,86,84
6,614,1,F,1546,86,86
6,612,1,F,1014,87,86
6,629,1,F,458,89,89
6,612,1,F,948,89,88
6,698,1,F,862,89,88
6,629,1,F,458,89,89
6,614,1,F,1491,89,88
6,673,1,F,773,90,88
6,638,1,F,674,90,86
6,673,1,F,773,90,88
6,698,1,F,862,90,88
6,638,1,F,674,90,86
6,612,1,F,957,91,91
6,673,1,F,73,92,90
6,694,1,F,1024,93,93
6,614,1,F,888,93,92
6,614,1,F,888,93,92
6,612,1,F,1024,95,95
6,614,1,F,883,96,96
6,612,1,F,1014,97,98
6,612,1,F,967,97,97
6,612,1,F,1199,100,99
6,673,1,F,1024,100,100
6,634,1,F,1605,101,101
6,673,1,F,1024,101,101
6,629,1,F,844,101,100
6,614,1,F,967,102,102
6,612,1,F,770,103,101
6,612,1,F,977,103,102
6,694,1,F,1024,104,104
6,612,1,F,853,105,105
6,612,1,F,775,106,106
6,612,1,F,948,108,108
6,673,1,F,391,108,108
6,612,1,F,775,109,109
6,631,1,F,250,112,112
6,631,1,F,250,113,113
6,612,1,F,909,113,113
6,612,1,F,895,115,114
6,614,1,F,967,116,116
6,612,1,F,909,120,120
6,655,1,F,592,121,117
6,655,1,F,592,121,118
6,614,1,F,895,123,121
6,612,1,F,967,125,124
6,614,1,F,1491,129,128
6,629,1,F,73,129,127
6,694,1,F,862,130,129
6,612,1,F,680,130,130
6,612,1,F,853,132,131
6,612,1,F,680,132,132
6,629,1,F,73,137,135
6,614,1,F,1452,137,137
6,673,1,F,862,138,138
6,673,1,F,862,138,138
6,612,1,F,846,142,141
6,612,1,F,846,142,142
6,656,1,F,1199,144,142
6,612,1,F,391,145,145
6,612,1,F,895,145,143
6,656,1,F,1199,146,145
6,614,1,F,1452,147,146
6,656,1,F,680,151,149
6,656,1,F,680,151,152
6,614,1,F,895,152,150
6,612,1,F,651,153,151
6,612,1,F,391,158,158
6,612,1,F,651,163,159
6,694,1,F,862,165,164
6,612,1,F,862,170,170
6,612,1,F,862,173,173
6,631,1,F,125,176,171
6,631,1,F,125,178,174
6,612,1,F,533,180,180
6,699,1,F,1337,180,180
6,699,1,F,1337,180,178
6,612,1,F,533,190,189
6,612,1,F,602,211,210
6,612,1,F,602,213,213
6,612,1,F,628,217,216
6,614,1,F,888,218,216
6,699,1,F,641,231,227
6,614,1,F,888,231,227
6,612,1,F,628,257,255
6,699,1,F,641,260,256
