RAMP_TO_RAMP,AIR_TIME,DISTANCE
124,107,854
144,125,967
162,121,967
120,108,604
91,72,488
200,165,576
91,82,488
131,116,889
143,124,889
206,196,1464
178,168,1199
181,167,1278
132,120,761
96,72,604
122,113,725
234,210,735
233,209,735
54,47,292
164,88,602
260,216,1558
169,152,1184
212,172,1199
174,156,1199
166,148,1184
91,75,592
83,54,230
153,132,1199
173,152,1199
167,143,1199
142,128,1069
158,137,1123
152,126,483
118,92,628
142,115,853
92,70,391
178,151,1123
142,101,680
115,76,495
280,229,967
84,53,391
275,255,1671
160,140,1136
150,120,954
48,36,150
168,151,1201
218,190,967
144,116,862
298,270,1709
249,217,1482
86,79,541
206,119,967
83,41,73
96,45,90
40,23,90
162,137,602
230,213,1359
167,148,929
212,198,1250
170,156,1095
225,210,1278
129,115,456
128,112,771
162,141,943
34,19,73
144,132,764
150,132,903
144,126,937
120,102,764
174,162,1166
144,132,919
120,90,628
195,161,595
162,151,1049
155,132,957
157,142,1120
266,186,391
58,41,312
67,49,312
210,196,1413
92,82,541
145,125,957
140,120,870
129,110,896
124,106,804
473,369,632
124,102,637
213,175,632
208,175,637
209,179,436
191,169,598
207,183,436
211,182,598
170,160,1070
175,155,967
3922,3343,1069
3620,2944,1069
48,19,73
180,148,1068
55,29,150
136,114,495
32,13,22
2622,1956,150
1692,1405,292
2489,1733,150
1912,1491,292
224,176,0
4620,3767,305
3481,2635,228
1605,1299,280
5338,4462,305
3700,2947,228
100,87,274
1830,1524,280
117,103,420
79,60,231
100,84,0
60,45,150
86,67,519
106,81,576
298,260,576
78,60,420
84,60,420
42,20,73
97,78,592
117,85,403
255,207,1754
144,115,862
150,106,771
255,196,1546
157,138,911
219,201,1436
159,140,967
87,71,411
166,136,862
126,86,680
219,176,680
78,60,391
176,154,1123
131,103,680
112,95,680
110,74,541
153,132,1015
91,61,391
143,97,746
137,100,734
104,85,580
56,41,230
218,191,1487
78,52,349
210,183,1199
151,129,775
109,89,692
89,64,391
64,37,230
122,91,641
169,137,1015
133,118,862
134,64,406
125,98,771
148,127,964
81,61,472
139,114,888
158,133,898
135,112,853
162,130,1024
180,147,967
233,134,967
145,110,846
106,86,557
131,86,592
109,84,655
160,122,862
89,57,406
74,51,113
139,113,862
129,110,771
141,122,964
123,93,734
200,134,888
148,131,991
129,111,730
153,122,853
136,107,794
178,105,496
141,118,909
129,114,846
66,48,349
240,218,1671
258,235,1754
107,67,524
66,52,349
94,66,455
215,194,1754
89,74,524
172,144,1069
152,128,1123
215,203,1703
199,179,1452
140,113,862
108,89,628
88,70,533
208,184,1546
123,111,888
198,175,1558
120,102,776
194,178,1482
128,113,804
85,69,391
136,97,770
115,95,770
82,63,541
216,185,1452
141,119,862
137,110,862
101,80,533
223,204,1546
123,105,776
123,105,776
230,200,1482
134,99,804
124,107,794
141,119,916
149,122,967
272,215,967
132,114,846
134,109,770
148,111,770
99,86,541
292,248,1449
176,164,1201
65,51,349
110,97,649
155,137,1123
145,128,1015
119,104,896
153,138,991
201,180,1558
149,118,804
218,200,1607
89,73,541
172,153,1123
153,137,1015
153,137,1062
205,189,1290
121,102,804
228,212,1607
133,118,909
182,159,1199
43,17,73
164,139,1201
50,21,73
98,74,589
98,64,420
89,64,472
89,66,391
90,68,420
177,153,1024
100,80,541
162,143,1069
161,142,1154
153,133,1123
183,109,862
153,135,977
213,189,1546
228,183,1546
119,95,679
134,111,888
131,113,888
113,83,602
115,93,770
139,123,1162
193,154,1123
220,194,1452
152,125,862
163,145,977
214,192,1546
112,84,679
179,134,888
112,88,602
152,121,770
210,188,1506
172,159,1162
191,159,641
136,115,977
216,181,533
176,151,1062
95,72,391
108,90,639
60,42,216
147,129,977
101,82,533
221,198,1061
133,115,957
153,133,1123
159,142,862
128,99,593
72,53,250
62,45,250
157,141,1015
113,97,722
164,120,722
535,436,383
617,526,383
144,124,773
50,23,73
170,136,862
149,127,886
164,138,1026
104,86,628
148,123,1024
87,60,391
94,57,391
343,309,991
329,274,862
536,422,1558
211,179,680
204,174,680
144,108,391
286,241,1015
206,176,589
84,38,73
78,36,73
134,83,212
236,191,624
328,287,991
282,227,794
169,129,833
112,73,89
130,76,212
242,196,773
204,161,624
440,394,1100
308,243,853
223,178,616
416,310,1199
326,294,1069
471,413,1476
338,296,1199
491,440,1754
371,334,1476
271,230,836
139,107,420
368,328,1436
276,241,916
426,385,1506
217,182,639
271,236,996
536,450,1605
238,205,836
322,286,1015
177,136,420
214,175,628
422,381,1506
208,172,639
214,166,649
135,101,349
401,363,1491
392,345,1449
321,283,1154
267,237,836
305,270,1024
150,124,391
239,207,836
294,245,991
278,239,853
323,260,1024
294,252,948
382,334,1154
291,251,1083
331,270,1154
247,188,680
174,139,541
196,149,495
254,210,826
226,177,680
345,311,1436
238,198,794
301,258,826
482,416,1436
257,215,794
159,118,455
248,195,563
361,326,1069
288,248,1069
166,114,391
391,307,641
268,206,524
309,239,524
342,277,680
456,362,1024
419,353,752
517,449,1024
218,167,349
215,168,359
325,211,524
219,160,359
301,239,524
508,424,1069
444,381,1085
406,350,1015
234,188,456
168,102,196
442,357,819
350,265,602
406,334,776
452,368,898
396,312,794
294,230,541
360,298,589
447,388,655
263,211,456
195,113,196
403,335,819
329,243,602
191,146,300
387,329,850
680,635,1491
627,544,1337
528,440,1199
653,547,1605
278,216,533
366,305,776
276,219,495
454,374,888
355,305,776
658,575,1436
236,179,349
726,679,1610
597,502,1199
762,716,1671
576,517,1449
409,355,977
415,364,854
275,226,533
296,260,1062
431,388,1062
258,189,472
407,351,819
574,523,1553
382,323,794
517,461,1024
432,386,948
457,389,909
318,274,639
513,463,977
389,342,854
483,433,1062
263,212,472
375,333,819
672,630,1553
246,169,349
524,455,1083
578,523,1201
226,152,349
467,375,1014
318,250,563
384,318,872
285,216,495
329,237,616
382,291,641
400,273,589
420,353,872
370,277,680
482,425,1062
293,222,472
409,330,794
335,272,616
364,289,692
343,271,692
403,344,977
527,420,977
365,281,680
256,204,455
287,209,455
307,244,637
366,306,792
350,286,639
313,258,533
396,342,792
341,280,639
464,392,911
376,311,819
512,363,655
452,358,655
427,337,641
494,380,641
294,229,349
279,210,349
489,361,641
518,364,641
619,516,836
530,425,679
465,365,680
424,332,637
427,350,640
539,436,836
420,344,640
458,352,533
449,361,679
548,414,680
409,317,472
488,362,637
724,648,1199
365,291,524
508,405,692
720,653,1154
756,668,1154
670,572,1069
443,356,649
356,295,524
730,621,1337
645,552,1154
613,538,1154
606,535,996
473,405,752
1766,1681,3414
620,528,826
597,533,1062
837,738,1558
772,700,1558
541,459,804
593,484,967
715,635,1123
474,401,752
1593,1526,3414
569,461,826
488,408,804
265,209,349
841,768,1449
479,411,775
784,718,1553
577,466,853
473,410,794
570,508,948
581,510,896
470,391,680
936,853,1553
501,436,794
339,237,391
426,360,639
593,493,977
514,422,794
446,339,563
347,232,391
557,460,896
558,466,846
611,527,896
557,434,846
425,353,680
344,236,420
322,264,420
473,401,1081
680,593,1081
581,472,850
596,499,1024
320,240,391
283,212,391
580,440,692
751,609,977
741,657,977
486,335,455
928,791,1199
438,350,455
919,790,1201
322,225,250
615,508,752
428,316,420
539,407,533
723,572,872
502,403,604
339,263,472
791,662,916
350,235,250
513,404,533
741,638,872
534,426,776
348,235,391
540,437,649
1037,907,1337
980,856,1491
564,441,692
929,816,1337
786,660,1069
1012,900,1605
665,587,836
785,681,964
626,542,819
887,758,948
721,623,909
552,456,639
1298,1117,1703
611,506,836
497,399,533
502,355,495
626,528,819
707,618,991
755,634,1024
717,621,948
551,476,639
830,736,1014
689,598,854
530,448,680
578,498,770
700,622,883
643,564,854
422,350,495
987,899,1290
683,592,770
655,545,770
606,442,602
533,396,602
581,474,680
545,449,692
199,133,90
202,135,90
807,640,872
834,598,680
994,809,1081
1074,902,1081
1229,1019,1199
1198,1029,1201
941,740,834
1214,1020,1337
1014,828,964
1103,939,1040
640,515,589
751,603,752
501,389,420
891,716,872
601,492,604
911,790,1040
756,642,898
928,774,916
602,482,541
671,544,639
747,618,775
959,829,1123
862,719,1015
818,690,977
540,436,533
813,647,896
896,781,1062
1430,1246,1605
926,822,977
962,854,977
824,713,964
899,771,896
1495,1270,1558
1336,1240,1703
1378,1242,1447
533,424,533
911,798,957
505,407,495
1249,1138,1447
887,717,967
466,348,391
1112,981,1199
872,738,1199
808,588,641
514,373,472
916,771,1024
290,215,207
812,659,872
855,652,872
317,227,207
875,716,872
538,404,483
582,444,420
552,408,420
1128,960,1162
1227,1116,1162
927,779,775
1035,831,845
1612,1380,1337
383,257,212
1508,1283,1482
1775,1601,1482
564,427,455
783,646,649
915,776,850
599,461,455
733,620,649
967,832,850
666,535,589
1063,950,996
1062,929,996
903,759,896
623,495,495
1197,1070,1290
581,444,391
682,568,589
971,836,996
729,577,533
1085,912,896
1632,1460,1558
1340,1210,1290
653,535,541
896,769,775
1276,1165,1201
1470,1315,1605
1123,1010,1179
1267,1159,1436
1213,1094,1179
696,581,541
944,759,692
387,216,141
633,491,483
1013,825,1024
1132,978,1024
856,665,602
826,665,602
1398,1167,1201
1431,1243,1069
769,625,639
757,579,495
999,854,775
957,822,775
1777,1538,1671
1366,1149,1123
1881,1695,1703
1696,1542,1620
922,791,826
882,731,680
1313,1118,1024
740,593,541
1155,1000,996
1283,1143,1062
668,474,391
1097,955,836
1123,968,883
1178,924,862
703,559,495
899,704,602
1252,1063,967
843,689,628
849,670,533
1721,1567,1436
1361,1096,1014
1351,1146,964
1137,933,964
1240,1011,957
508,315,152
476,290,152
456,248,141
918,702,543
924,696,543
1038,786,604
1092,852,655
942,738,604
1032,804,655
1086,942,665
930,768,665
1073,842,692
1213,981,752
854,659,495
833,624,495
1155,944,752
551,363,212
1408,1178,964
2143,1909,1491
1247,1067,977
1327,1173,991
1583,1339,1123
1227,1068,996
1371,1228,977
1267,1076,826
1546,1340,1199
1846,1684,1671
1363,1227,977
1036,876,680
1224,1041,794
1846,1593,1476
1422,1259,1024
2014,1699,1154
1535,1252,850
1742,1482,1154
1249,991,639
1404,1176,770
2439,2224,1671
2046,1727,1491
948,723,589
892,688,483
1243,1050,776
1057,856,589
2229,1971,1452
1608,1403,1062
1233,1031,819
1203,1008,776
1576,1408,1201
1066,888,628
1049,885,680
1534,1336,1024
912,737,495
1610,1450,1024
1475,1225,967
1452,1161,809
2283,1999,1476
999,769,589
1057,835,589
2182,1882,872
1438,1179,872
1003,758,541
1056,852,541
73,60,218
66,52,218
946,831,328
820,718,328
2481,2190,1620
1065,854,495
2505,2261,1491
1764,1491,996
2082,1848,1452
1497,1304,1062
955,680,472
1415,1186,819
1605,1388,909
1039,768,483
2060,1860,1452
1537,1274,862
1096,892,533
1066,900,602
1572,1308,834
1429,1156,834
1742,1447,1015
2982,2629,1626
3498,3020,1626
1496,1229,794
1709,1440,794
2006,1761,996
1429,1185,680
2385,2072,1436
2000,1718,1024
1420,1127,641
1829,1542,896
1413,1120,680
1574,1327,909
1789,1552,1014
1101,933,632
1451,1128,637
2238,1986,1069
1992,1686,1069
3306,2811,1620
1153,823,391
1758,1468,752
1090,862,455
1386,1110,589
1705,1415,896
1092,792,472
1655,1405,819
2637,2328,1506
2883,2598,1546
2935,2655,1436
1741,1442,853
1276,902,524
1661,1337,692
1256,1016,524
1402,1102,692
2557,2231,1370
2213,1919,1024
2797,2502,1370
2058,1642,1024
1833,1503,957
1726,1383,692
1190,897,455
1698,1393,775
1800,1578,853
1563,1210,589
1870,1499,862
1327,983,472
1779,1505,819
2003,1725,948
1585,1353,651
3355,3044,1703
2221,1912,1014
2095,1764,1014
2765,2376,1068
2378,1949,996
2578,2121,1068
1074,786,349
2661,2340,1290
1374,1074,472
3004,2647,1290
1636,1239,589
1838,1504,826
2240,1769,826
2070,1605,872
1635,1349,624
1521,1187,616
1679,1389,616
2946,2327,1068
2358,1865,1068
2875,2547,1123
2013,1594,752
1167,831,349
1647,1320,628
4016,3537,1620
2417,2000,1024
2122,1791,909
2420,2037,872
2693,2322,1014
2405,2021,1014
1954,1564,679
2738,2222,1162
1900,1405,679
3071,2622,1162
1628,1405,632
2418,2100,1061
2221,1889,872
2295,1899,872
2583,2318,1061
1653,1397,624
2198,1875,771
1409,1220,328
1345,1145,328
2016,1643,680
3209,2726,1123
1722,1361,541
1398,1001,349
1833,1290,533
2416,1928,776
1728,1412,563
2161,1782,776
3079,2732,1154
1203,851,349
3311,2842,1201
2409,2019,977
1874,1496,628
2315,2013,964
2527,2212,1062
3356,3023,1290
2472,2104,948
1975,1626,651
2657,2337,991
3045,2580,1024
2556,2114,991
2668,2142,1024
1972,1649,752
1822,1442,563
3120,2687,996
1985,1417,616
2908,2250,996
1572,1199,420
1334,994,349
3554,3171,1491
2874,2509,1154
2499,2059,862
3226,2794,1290
2641,2312,948
2688,2323,948
1519,1133,391
2003,1671,770
1395,1034,391
4006,3573,1506
1912,1561,628
1701,1282,541
845,381,73
732,315,73
1958,1656,589
1556,1172,455
1514,1151,455
2387,1952,819
2152,1816,819
2207,2005,828
1474,1081,420
2895,2334,1024
1387,990,300
4774,4372,1671
1884,1335,524
1805,1460,524
2954,2536,964
2811,2437,1062
1966,1580,602
2578,2200,804
2286,1965,794
2984,2357,967
1701,1376,483
2321,1955,836
2375,1978,804
2857,2117,967
4254,3700,1506
1506,1073,349
1451,996,349
3233,2748,1201
1693,1251,391
2038,1604,533
2766,2215,911
2010,1614,626
1954,1532,626
2805,2369,872
4005,3292,1199
2315,1845,752
2870,2469,1062
1421,1000,292
3681,3245,1085
2030,1487,533
2218,1691,616
2552,1975,641
2935,2249,844
2190,1671,602
2619,2186,794
2523,2145,775
4026,3612,1337
3650,3187,1337
1666,1280,483
1706,1318,483
2692,2322,836
1870,1405,533
1777,1365,495
3481,3041,1290
2699,2346,853
2400,2015,794
1933,1466,483
3262,2849,1201
1851,1443,589
2196,1749,589
3268,2636,911
2472,2069,680
1546,1138,420
2460,1834,649
1596,1102,349
2662,2145,770
1324,938,292
3778,3266,1199
4590,4250,1703
2322,1866,680
2682,2331,819
3179,2771,991
3424,3000,1024
3198,2731,948
4348,3860,1506
3352,2877,1015
2117,1720,533
2645,2249,819
4983,4388,1558
4244,3817,1290
2884,2409,770
4615,4185,1506
4452,4045,1671
2693,2402,804
2969,2629,1024
1652,1286,391
2035,1509,533
1532,1329,160
471,344,40
3331,2688,1069
1249,690,141
2598,2123,637
3192,2635,848
3308,2713,775
2589,2110,638
2846,2376,771
1882,1482,423
4775,4283,1671
1738,1344,472
4319,3800,1482
3260,2774,916
3425,2775,967
5580,4906,1703
2679,2083,680
3810,3363,1062
2148,1605,472
3173,2747,991
5111,4631,1482
2840,2358,794
2991,2517,916
4005,3632,1201
3486,3055,1154
4790,4291,1620
3749,3117,1154
2178,1641,516
2039,1551,516
1532,1329,160
2790,2357,854
471,345,40
1516,1388,172
2906,2451,854
2939,2474,804
1194,634,141
2159,1583,472
1601,1065,300
2084,1348,349
4532,3933,1199
3294,2614,850
4319,3722,1069
1801,1269,349
2726,2115,641
3533,2888,844
2748,2110,602
2242,1746,483
2622,2011,533
3596,2881,964
3623,2957,931
3002,2410,848
2362,1927,649
2586,2099,649
1900,1474,406
2106,1667,495
2267,1768,495
5553,4854,1558
2297,1855,602
3378,2606,967
5079,4581,1449
2477,2102,649
4135,3727,1449
4071,3622,1123
3697,3315,1024
2294,1953,639
4331,3727,1154
2505,1967,563
3820,3296,1162
4108,3721,1162
3682,3167,927
3358,2861,927
3959,3556,1069
3665,3161,1069
2605,1988,637
1896,1491,420
3528,2812,850
3945,3314,931
3793,3158,913
2797,2170,541
2464,1993,649
3137,2540,775
2883,2440,775
2556,2054,641
5314,4840,1703
1835,1351,420
10354,9830,3329
10426,9826,3302
4942,4384,1506
6149,5423,1703
1979,1536,420
2021,1444,406
9492,9038,3329
9395,8906,3302
2309,1896,541
2416,2030,649
4580,4142,1447
5175,4728,1447
2947,2521,819
3388,2931,948
3153,2621,775
2363,1847,563
4219,3618,1024
2362,1908,541
2096,1555,483
2556,1837,483
1796,1630,172
3134,2557,809
1986,1672,277
4439,3827,1069
4249,3519,964
3135,2527,776
6766,6127,1754
5458,4872,1337
4310,3666,1199
2817,2274,649
4688,4034,1337
3973,3299,967
3264,2442,641
3109,2458,680
3344,2845,909
2923,2385,651
3262,2825,909
2361,1739,495
2104,1558,391
3005,2390,770
2737,2050,604
2151,1393,391
3528,2879,770
1612,1453,160
3899,3301,872
2398,1888,495
3759,3211,913
4531,3928,1014
4181,3467,1083
2454,1791,483
3391,2687,776
3422,2784,792
2957,2403,589
2930,2272,576
2646,1984,472
3823,3293,792
2323,1790,541
2656,2108,602
3742,3218,948
3451,2976,775
5018,4494,1558
4699,4132,1290
6369,5728,1703
3176,2730,836
2971,2372,604
3674,3054,977
2890,2297,628
4297,3573,977
2894,2159,628
1609,1453,160
2839,2350,680
3177,2555,680
2518,1888,533
1556,957,196
1574,943,196
1458,1207,170
1412,1194,170
2085,1772,277
2763,2034,533
3388,2626,679
2465,1891,472
4640,3998,1014
4266,3504,1014
2929,2267,576
2233,1572,423
2633,1832,472
3914,3104,834
5432,4751,1491
2905,2300,602
3174,2694,794
3951,3419,909
2715,2180,602
3566,3062,794
6471,6022,1610
6626,6136,1671
7495,6622,1754
4352,3760,1123
3219,2751,804
1191,534,73
3439,2763,775
3781,2932,872
5020,4498,1558
2972,2386,602
3313,2524,721
4003,3130,862
7068,6225,1709
2823,2236,602
4696,4025,1123
2669,2025,495
3126,2576,679
4913,4218,1083
4492,3481,911
2252,1630,423
2482,1952,423
3481,2933,775
6544,5733,1476
5217,4687,1476
4730,4234,1290
5331,4772,1436
3447,2848,794
4228,3453,991
6339,5555,1436
3960,3121,794
4530,3850,1123
6147,5620,1703
6966,6147,1703
4161,3463,862
3165,2479,722
2936,2363,627
4293,3443,911
4768,3401,862
6998,6063,1709
3568,2967,721
3287,2635,701
2490,1728,420
3775,2996,701
5065,4241,1199
3786,3223,836
4168,3271,862
3147,2485,602
4864,3659,967
3836,3092,862
4072,3524,1015
4131,3608,977
7550,6455,1605
4633,4131,1015
5151,4470,1083
5792,4673,1199
4723,4007,1154
4647,3946,991
3930,3399,853
6787,5863,1452
4024,3229,853
3961,3283,862
4108,3390,862
3972,3417,853
3738,2853,641
5088,4494,1123
3919,3247,862
3573,2833,680
3927,3177,853
3662,2883,722
2557,1902,419
2455,1718,419
5593,4826,1024
4860,3962,1024
2350,1760,391
2286,1747,391
3266,2559,602
3185,2431,602
5368,4547,1184
4653,4007,1184
5309,4654,1123
1508,789,120
1635,926,120
2938,2238,524
4063,3280,809
3688,2948,649
3705,2890,649
4205,3476,844
3347,2703,594
3246,2564,594
4303,3398,809
3148,2541,573
12598,11911,3365
3800,3191,836
11691,10842,3365
4260,3393,862
2820,2096,420
4779,4153,977
4553,3799,1024
6067,5545,1610
4374,3823,909
7565,6396,1558
6491,5951,1506
4624,3833,1014
4162,3286,775
5787,5062,1201
6232,5512,1337
5675,4752,1154
6180,5492,1520
3028,2451,551
5404,4443,1199
5250,4502,1199
3878,3036,775
5128,4413,1201
5439,4776,1337
3491,2603,641
5717,5053,1452
3450,2644,628
6810,6007,1620
4050,3318,872
6681,6033,1709
4667,4009,1062
2729,1901,472
4752,4091,991
6191,5439,1558
6208,5487,1558
5341,4699,1290
4033,3459,853
5069,4380,1024
2552,1925,391
3564,2897,770
6227,5537,1506
3817,2955,641
3416,2507,628
7391,6495,1620
6637,5973,1520
4541,3779,872
7752,6635,1709
5112,4362,1062
3092,2257,472
4553,3634,991
7638,6518,1558
7504,6384,1558
3001,2338,551
6090,5329,1290
4209,3337,853
4603,3723,1024
2672,1701,391
4169,3368,770
6733,5890,1506
3221,2597,641
4365,3529,862
3487,2775,680
4203,3312,862
5155,4398,1024
4477,3650,1024
4599,3906,1048
5021,4404,1048
7604,6581,1558
2886,2101,455
2997,2194,455
3340,2622,524
4913,4164,916
2903,2205,420
5148,4188,911
4532,3814,916
2329,1792,420
6900,6119,1620
6569,5856,1546
3376,2664,602
3153,2509,602
4110,3512,909
4862,4149,1123
6215,5120,1199
4198,3613,853
2588,1925,391
4610,3454,853
2633,1842,391
4817,3976,1024
5268,4641,1024
4421,3752,1024
6998,6327,1626
8730,7221,1626
3343,2551,391
3023,2141,391
4383,3619,775
5275,4274,1069
8321,7568,1754
6065,5335,1201
4399,3742,846
4041,3350,775
7284,6571,1754
3486,2917,651
4053,3534,819
8048,6949,1558
3774,3246,804
5091,4255,1083
4425,3685,896
5007,4061,896
4935,4330,1024
3039,2289,483
4792,3752,834
6306,5490,1199
3104,2419,472
5598,4851,1199
4849,4203,896
3470,2857,639
5324,4588,977
3036,2324,533
3548,2783,533
4790,3891,872
4078,3300,771
3811,3040,627
3852,2913,641
4141,3246,639
4440,3709,896
4709,3949,888
4298,3322,641
7572,6824,1703
6357,5390,1123
2594,1937,423
5559,4811,1123
2439,1604,300
6186,5301,1015
3730,2946,641
4028,3109,641
8453,7373,1620
4981,4290,896
4823,3969,853
4599,3872,846
4983,4254,1014
7091,6310,1558
6138,5525,1123
4302,3672,836
7682,7042,1452
4898,4266,991
5764,4799,1123
4926,4147,977
5298,4601,977
2701,2001,349
2755,1957,349
3577,2866,563
6050,5287,1199
6388,5509,1085
5408,4377,911
3682,2803,563
3616,2809,483
4208,3403,616
5772,5082,1201
9160,7881,1605
5435,4701,967
4877,3992,809
4225,3266,563
5626,4967,1024
6940,5956,1199
8209,7326,1626
9777,7978,1626
2512,1800,300
4034,3194,563
8392,7529,1491
4055,3206,641
5059,4362,1015
7800,6991,1546
3006,2287,472
9412,8153,1605
5603,4641,888
3676,3063,649
5656,5026,1154
7631,6880,1546
7428,6723,1506
8330,7622,1546
5210,4278,752
3862,3004,516
3745,2811,516
5541,4479,967
8039,7112,1620
5041,4316,804
6008,5144,1024
3652,2725,423
6025,5396,991
5355,4405,1024
4142,3552,649
4302,3403,589
3658,2895,589
5546,4438,862
4713,3713,639
3470,2829,296
5131,4503,853
4704,3576,649
2945,2083,300
5363,4332,853
5008,4110,692
4365,3565,692
3375,2592,406
6226,4846,862
4882,3797,641
4798,3951,752
4203,3363,628
5316,4588,770
3414,2686,296
3091,2212,391
6505,5414,850
4054,2994,495
3055,2009,300
3834,2740,391
4417,3436,495
5368,4457,752
6045,5170,909
9261,8474,1491
6279,5265,1024
7447,6356,1024
3363,2603,391
6219,4925,872
3442,2561,406
9454,8507,1436
6821,5475,1024
7608,6287,1199
7151,6100,1123
9142,8249,1546
5891,5018,853
5276,4269,680
5769,4878,896
5738,5015,853
5606,4458,770
5438,4479,637
8760,7661,1436
6771,5191,888
7721,5849,888
4779,3533,589
7436,6365,948
6976,5930,948
10944,9732,1754
6872,5501,888
8211,7248,1123
6514,5438,826
6332,5405,770
3677,2986,289
12167,10397,1620
5615,4337,679
6448,5455,898
10449,9090,1605
5499,4606,826
9824,8590,1558
11607,10185,1605
10626,9479,1546
6679,5473,862
5994,5135,862
6835,5581,977
3813,3048,289
10832,9503,1626
8314,7205,1123
13164,10873,1626
4841,3611,541
8905,7950,1201
10709,9213,1605
9288,8556,1290
7921,6802,1123
10779,9185,1620
6122,4926,775
4206,3124,406
4283,2945,406
7125,5865,845
6114,4972,679
7919,6580,898
11230,10051,1546
7262,6059,991
11826,10533,1605
7055,5675,809
3624,2797,385
3300,2154,250
3402,2153,250
8273,7058,1013
15042,14069,2405
6822,5912,957
3903,3189,385
8101,6734,1013
4596,3053,391
7290,6141,909
11613,10486,1452
4423,3602,383
4991,4252,383
3389,2270,298
5510,4231,573
2321,1213,113
5633,4367,637
3696,2687,298
5687,4519,628
7254,5738,853
8380,7428,1014
5024,4177,541
4852,3710,488
4873,3868,488
2986,2516,180
3581,3117,221
4148,3385,277
3084,2471,180
3414,2778,221
3462,2760,218
4029,3116,259
3819,3291,218
3657,2947,259
7895,6560,1085
2546,1430,113
7491,6183,771
17289,16036,2405
2158,916,73
4057,3045,359
3858,2716,359
8810,6868,834
8738,7312,909
8187,7195,991
7927,6507,862
10515,9041,1199
7213,6272,836
7714,6774,1062
5787,4600,602
5794,4381,602
4226,3411,277
9443,7994,1199
3317,2166,196
3262,2063,196
5967,4701,604
5968,4775,604
7175,6040,804
7452,6043,862
6551,5577,804
11797,10804,1436
10956,9266,1199
8538,7022,845
4005,2687,313
7122,5774,771
3620,2319,260
4176,2938,313
9153,7256,911
3459,2378,260
5250,3772,411
4969,3842,524
5301,4221,524
7981,6596,862
6043,4752,628
7646,6538,819
10422,9538,1436
11045,10040,1506
8756,7837,1062
7650,6518,846
7291,6116,846
4908,3666,456
4928,3870,456
6721,5439,679
4650,3997,283
4967,4173,283
6026,4465,411
8034,6697,862
13473,12057,1754
5925,5020,639
7435,5574,680
8131,6522,888
3628,2361,230
7318,5874,679
15159,13613,1754
13214,11857,1754
4901,3714,391
4712,3375,391
6287,4895,533
2586,1004,73
5074,3693,391
7001,5698,737
5026,3388,391
8997,7920,991
6236,4893,628
6494,5427,770
5056,4043,541
6539,5231,680
3783,2394,230
7145,5745,770
13841,12315,1709
14806,12329,1558
8107,6675,852
5847,4484,517
5161,3867,455
5016,3876,455
9564,7626,888
10453,8838,1069
8328,6792,862
12421,10955,1546
8465,6953,862
8505,6554,862
6297,5165,628
9123,7349,888
6304,4929,576
6493,5029,576
6931,5169,602
15395,13558,1709
6345,4832,602
7735,6194,737
6413,4997,563
9183,7736,852
6267,4689,517
5173,3230,353
6731,5191,563
6407,4171,438
4705,3055,353
5353,3649,438
15537,13970,1754
6760,5305,628
9390,7943,1069
6778,5335,628
9072,7043,862
9752,7989,967
6533,5034,628
14070,12267,1546
9190,7191,967
6427,4960,628
4094,2838,303
4570,3216,303
13170,11634,1558
10942,9927,1154
9232,7871,957
10544,9049,1024
8358,6969,770
16688,14982,1754
3655,2370,230
7457,6016,639
3752,2471,230
13603,12493,1506
4094,2624,212
16624,14488,1620
3952,2481,212
14802,12718,1605
7755,6097,624
7147,5628,624
12592,11072,1452
9333,8050,991
9714,7957,862
6516,5257,602
9747,8099,844
4257,2572,212
4407,2788,212
10714,9054,967
7644,6334,680
10235,8327,967
14862,13226,1605
7271,6031,602
9140,7858,896
16654,15000,1754
5151,3392,300
7135,5576,516
10274,8960,883
9541,8008,853
7151,5351,516
10998,9572,957
6720,5525,495
6650,4368,391
14007,12594,1452
5668,3922,300
6594,5183,495
12007,10619,991
9672,8363,794
12726,11073,1024
9083,7266,627
16800,14968,1620
4958,4024,179
3589,2369,109
3539,2327,109
4687,3711,179
11376,9848,991
11383,9992,896
5485,4293,349
12031,9909,1024
10623,8866,862
10578,8668,846
13505,11562,1024
10666,9055,846
11873,9325,862
18690,16280,1476
20267,18071,1620
11779,9493,967
11295,9497,888
9144,7132,627
12797,10648,967
16036,14191,1476
10528,9045,883
11205,8812,888
9649,8277,794
18108,15994,1620
11074,9106,862
18847,16479,1452
5645,4250,349
11467,10030,850
11120,9585,977
10553,8889,850
20187,17692,1620
6689,5217,472
7622,6169,472
11232,9595,883
16477,14799,1491
15822,13716,1199
7503,5253,391
18739,16083,1605
5188,3539,216
9653,8077,770
5406,3299,216
19567,17827,1546
13094,11154,967
12038,9940,967
17925,16032,1546
13740,12221,1014
8273,6001,458
12352,10763,948
14129,10365,862
8981,6703,458
17204,15411,1491
11678,9603,773
10060,7657,674
10913,8849,773
12691,9784,862
9912,8082,674
12669,10840,957
4135,1873,73
14279,11689,1024
13588,10638,888
14146,11673,888
14537,12032,1024
13195,11610,883
13881,12072,1014
15156,12980,967
16717,14467,1199
16347,13301,1024
26047,22180,1605
18472,15747,1024
14095,11619,844
16236,13480,967
13160,11527,770
15780,14127,977
17901,15044,1024
13647,11640,853
12506,10558,775
16181,14127,948
10150,7066,391
13633,11719,775
7719,5054,250
7573,5265,250
16729,14503,909
16618,14549,895
17179,13709,967
15589,13545,909
12594,9404,592
13118,10210,592
15950,13622,895
17821,14744,967
28980,26297,1491
5910,2532,73
18290,15176,862
14141,11728,680
17658,15410,853
15405,12896,680
6039,2356,73
30778,27351,1452
19658,15907,862
20777,16874,862
19026,16501,846
18061,15598,846
26305,22729,1199
11740,9051,391
18938,16115,895
24814,21350,1199
27707,24609,1452
16468,13496,680
18583,14719,680
22252,19112,895
16417,13469,651
12106,9154,391
18506,15355,651
22301,18641,862
22444,18811,862
24701,20327,862
8963,5119,125
8558,4771,125
18044,14790,533
37846,32669,1337
33712,28726,1337
16515,13269,533
21967,17990,602
20668,17082,602
22073,17909,628
32847,27055,888
26311,20059,641
32562,26103,888
27096,22502,628
31553,24413,641
