START_DATE_SOURCE,THRU_DATE_SOURCE,UNIQUE_CARRIER_ENTITY
1/1/1960,12/31/1982,30550
1/1/1960,9/30/1983,4530
1/1/1960,12/31/1984,30337
1/1/1960,12/31/1984,37760
1/1/1960,12/31/1984,30012
1/1/1960,12/31/1985,30474
1/1/1960,12/31/1985,30657
1/1/1960,12/31/1985,30780
1/1/1960,12/31/1985,30795
1/1/1960,12/31/1985,37868
1/1/1960,12/31/1985,37895
1/1/1960,12/31/1985,30911
1/1/1960,12/31/1986,30159
1/1/1960,12/31/1986,30336
1/1/1960,12/31/1986,30552
1/1/1960,12/31/1986,30297
1/1/1960,12/31/1986,37612
1/1/1960,12/31/1986,37817
1/1/1960,12/31/1986,30770
1/1/1960,12/31/1987,30126
1/1/1960,12/31/1987,30500
1/1/1960,12/31/1987,37637
1/1/1960,12/31/1987,37994
1/1/1960,12/31/1988,30342
1/1/1960,12/31/1989,30580
1/1/1960,12/31/1990,37762
1/1/1960,12/31/1990,30682
1/1/1960,12/31/1990,30560
1/1/1960,12/31/1990,30715
1/1/1960,12/31/1991,30353
1/1/1960,12/31/1991,30352
1/1/1960,12/31/1991,37763
1/1/1960,12/31/1991,37888
1/1/1960,12/31/1991,30670
1/1/1960,6/30/1993,10025
1/1/1960,12/31/1996,37887
1/1/1960,3/31/1998,37849
1/1/1960,6/30/2000,37899
1/1/1960,12/31/2001,37944
1/1/1960,9/30/2002,30861
1/1/1960,9/30/2002,30201
1/1/1960,9/30/2002,37700
1/1/1960,9/30/2002,37724
1/1/1960,9/30/2002,37793
1/1/1960,9/30/2002,37747
1/1/1960,9/30/2002,37942
1/1/1960,9/30/2002,37680
1/1/1960,9/30/2002,37701
1/1/1960,9/30/2002,37885
1/1/1960,9/30/2002,37731
1/1/1960,9/30/2002,37953
1/1/1960,9/30/2002,37782
1/1/1960,9/30/2002,37652
1/1/1960,9/30/2002,37744
1/1/1960,9/30/2002,37915
1/1/1960,9/30/2002,37874
1/1/1960,9/30/2002,37933
1/1/1960,9/30/2002,30145
1/1/1960,9/30/2002,37703
1/1/1960,9/30/2002,30072
1/1/1960,9/30/2002,37765
1/1/1960,9/30/2002,37910
1/1/1960,9/30/2002,30139
1/1/1960,9/30/2002,37886
1/1/1960,9/30/2002,37752
1/1/1960,9/30/2002,37772
1/1/1960,9/30/2002,37656
1/1/1960,9/30/2002,37710
1/1/1960,9/30/2002,30089
1/1/1960,9/30/2002,30446
1/1/1960,9/30/2002,37950
1/1/1960,9/30/2002,37940
1/1/1960,9/30/2002,30217
1/1/1960,9/30/2002,37929
1/1/1960,9/30/2002,37938
1/1/1960,9/30/2002,30228
1/1/1960,9/30/2002,37681
1/1/1960,9/30/2002,37956
1/1/1960,9/30/2002,30187
1/1/1960,9/30/2002,30153
1/1/1960,9/30/2002,37821
1/1/1960,9/30/2002,30237
1/1/1960,9/30/2002,37740
1/1/1960,9/30/2002,37905
1/1/1960,9/30/2002,37789
1/1/1960,9/30/2002,37757
1/1/1960,9/30/2002,30022
1/1/1960,9/30/2002,37948
1/1/1960,9/30/2002,37667
1/1/1960,9/30/2002,30251
1/1/1960,9/30/2002,30243
1/1/1960,9/30/2002,30278
1/1/1960,9/30/2002,37818
1/1/1960,9/30/2002,37711
1/1/1960,9/30/2002,37819
1/1/1960,9/30/2002,37669
1/1/1960,9/30/2002,37826
1/1/1960,9/30/2002,37844
1/1/1960,9/30/2002,30260
1/1/1960,9/30/2002,37859
1/1/1960,9/30/2002,37907
1/1/1960,9/30/2002,37768
1/1/1960,9/30/2002,37923
1/1/1960,9/30/2002,30266
1/1/1960,9/30/2002,30275
1/1/1960,9/30/2002,37743
1/1/1960,9/30/2002,37813
1/1/1960,9/30/2002,37785
1/1/1960,9/30/2002,37832
1/1/1960,9/30/2002,30323
1/1/1960,9/30/2002,37784
1/1/1960,9/30/2002,37908
1/1/1960,9/30/2002,37937
1/1/1960,9/30/2002,37792
1/1/1960,9/30/2002,37872
1/1/1960,9/30/2002,30284
1/1/1960,9/30/2002,37689
1/1/1960,9/30/2002,37957
1/1/1960,9/30/2002,37708
1/1/1960,9/30/2002,37943
1/1/1960,9/30/2002,37967
1/1/1960,9/30/2002,37916
1/1/1960,9/30/2002,37880
1/1/1960,9/30/2002,37806
1/1/1960,9/30/2002,37831
1/1/1960,9/30/2002,37707
1/1/1960,9/30/2002,30339
1/1/1960,9/30/2002,37801
1/1/1960,9/30/2002,30287
1/1/1960,9/30/2002,37704
1/1/1960,9/30/2002,30357
1/1/1960,9/30/2002,37672
1/1/1960,9/30/2002,30372
1/1/1960,9/30/2002,37696
1/1/1960,9/30/2002,30327
1/1/1960,9/30/2002,37709
1/1/1960,9/30/2002,37773
1/1/1960,9/30/2002,30321
1/1/1960,9/30/2002,37882
1/1/1960,9/30/2002,30397
1/1/1960,9/30/2002,37812
1/1/1960,9/30/2002,37919
1/1/1960,9/30/2002,37879
1/1/1960,9/30/2002,37788
1/1/1960,9/30/2002,37814
1/1/1960,9/30/2002,37853
1/1/1960,9/30/2002,37865
1/1/1960,9/30/2002,30402
1/1/1960,9/30/2002,37851
1/1/1960,9/30/2002,37692
1/1/1960,9/30/2002,37770
1/1/1960,9/30/2002,37658
1/1/1960,9/30/2002,37778
1/1/1960,9/30/2002,37751
1/1/1960,9/30/2002,30412
1/1/1960,9/30/2002,37931
1/1/1960,9/30/2002,37840
1/1/1960,9/30/2002,37961
1/1/1960,9/30/2002,37901
1/1/1960,9/30/2002,37823
1/1/1960,9/30/2002,37914
1/1/1960,9/30/2002,30438
1/1/1960,9/30/2002,37830
1/1/1960,9/30/2002,37653
1/1/1960,9/30/2002,37730
1/1/1960,9/30/2002,30447
1/1/1960,9/30/2002,37678
1/1/1960,9/30/2002,37781
1/1/1960,9/30/2002,30453
1/1/1960,9/30/2002,37867
1/1/1960,9/30/2002,37726
1/1/1960,9/30/2002,37856
1/1/1960,9/30/2002,30450
1/1/1960,9/30/2002,37745
1/1/1960,9/30/2002,37790
1/1/1960,9/30/2002,37852
1/1/1960,9/30/2002,30477
1/1/1960,9/30/2002,37769
1/1/1960,9/30/2002,30484
1/1/1960,9/30/2002,37794
1/1/1960,9/30/2002,30686
1/1/1960,9/30/2002,30501
1/1/1960,9/30/2002,37632
1/1/1960,9/30/2002,30595
1/1/1960,9/30/2002,37787
1/1/1960,9/30/2002,30496
1/1/1960,9/30/2002,30215
1/1/1960,9/30/2002,30495
1/1/1960,9/30/2002,30710
1/1/1960,9/30/2002,30497
1/1/1960,9/30/2002,37774
1/1/1960,9/30/2002,30502
1/1/1960,9/30/2002,37783
1/1/1960,9/30/2002,37834
1/1/1960,9/30/2002,37748
1/1/1960,9/30/2002,37753
1/1/1960,9/30/2002,37736
1/1/1960,9/30/2002,30754
1/1/1960,9/30/2002,37767
1/1/1960,9/30/2002,37848
1/1/1960,9/30/2002,37838
1/1/1960,9/30/2002,37798
1/1/1960,9/30/2002,30528
1/1/1960,9/30/2002,30394
1/1/1960,9/30/2002,37635
1/1/1960,9/30/2002,37946
1/1/1960,9/30/2002,30541
1/1/1960,9/30/2002,30533
1/1/1960,9/30/2002,37873
1/1/1960,9/30/2002,30567
1/1/1960,9/30/2002,37723
1/1/1960,9/30/2002,37829
1/1/1960,9/30/2002,37694
1/1/1960,9/30/2002,37786
1/1/1960,9/30/2002,37845
1/1/1960,9/30/2002,37958
1/1/1960,9/30/2002,37951
1/1/1960,9/30/2002,37815
1/1/1960,9/30/2002,37883
1/1/1960,9/30/2002,37684
1/1/1960,9/30/2002,30590
1/1/1960,9/30/2002,30382
1/1/1960,9/30/2002,30564
1/1/1960,9/30/2002,37949
1/1/1960,9/30/2002,37750
1/1/1960,9/30/2002,30561
1/1/1960,9/30/2002,30604
1/1/1960,9/30/2002,30609
1/1/1960,9/30/2002,37712
1/1/1960,9/30/2002,30610
1/1/1960,9/30/2002,37841
1/1/1960,9/30/2002,37739
1/1/1960,9/30/2002,37816
1/1/1960,9/30/2002,30614
1/1/1960,9/30/2002,30616
1/1/1960,9/30/2002,37718
1/1/1960,9/30/2002,37911
1/1/1960,9/30/2002,30623
1/1/1960,9/30/2002,37904
1/1/1960,9/30/2002,37909
1/1/1960,9/30/2002,37891
1/1/1960,9/30/2002,30362
1/1/1960,9/30/2002,37854
1/1/1960,9/30/2002,37893
1/1/1960,9/30/2002,30262
1/1/1960,9/30/2002,30629
1/1/1960,9/30/2002,37804
1/1/1960,9/30/2002,30661
1/1/1960,9/30/2002,37936
1/1/1960,9/30/2002,37666
1/1/1960,9/30/2002,30628
1/1/1960,9/30/2002,30643
1/1/1960,9/30/2002,37959
1/1/1960,9/30/2002,30641
1/1/1960,9/30/2002,37932
1/1/1960,9/30/2002,37670
1/1/1960,9/30/2002,37926
1/1/1960,9/30/2002,30653
1/1/1960,9/30/2002,37702
1/1/1960,9/30/2002,37676
1/1/1960,9/30/2002,30649
1/1/1960,9/30/2002,37954
1/1/1960,9/30/2002,37833
1/1/1960,9/30/2002,37717
1/1/1960,9/30/2002,37934
1/1/1960,9/30/2002,30655
1/1/1960,9/30/2002,30258
1/1/1960,9/30/2002,37800
1/1/1960,9/30/2002,37810
1/1/1960,9/30/2002,37835
1/1/1960,9/30/2002,30694
1/1/1960,9/30/2002,37921
1/1/1960,9/30/2002,37697
1/1/1960,9/30/2002,30678
1/1/1960,9/30/2002,30664
1/1/1960,9/30/2002,37828
1/1/1960,9/30/2002,37839
1/1/1960,9/30/2002,37917
1/1/1960,9/30/2002,30254
1/1/1960,9/30/2002,37955
1/1/1960,9/30/2002,37925
1/1/1960,9/30/2002,37935
1/1/1960,9/30/2002,37892
1/1/1960,9/30/2002,37738
1/1/1960,9/30/2002,30674
1/1/1960,9/30/2002,37714
1/1/1960,9/30/2002,37820
1/1/1960,9/30/2002,37824
1/1/1960,9/30/2002,30720
1/1/1960,9/30/2002,37871
1/1/1960,9/30/2002,37866
1/1/1960,9/30/2002,37777
1/1/1960,9/30/2002,30725
1/1/1960,9/30/2002,37690
1/1/1960,9/30/2002,37913
1/1/1960,9/30/2002,30705
1/1/1960,9/30/2002,37802
1/1/1960,9/30/2002,30426
1/1/1960,9/30/2002,37918
1/1/1960,9/30/2002,30208
1/1/1960,9/30/2002,30735
1/1/1960,9/30/2002,30767
1/1/1960,9/30/2002,37682
1/1/1960,9/30/2002,30786
1/1/1960,9/30/2002,30771
1/1/1960,9/30/2002,37855
1/1/1960,9/30/2002,37928
1/1/1960,9/30/2002,30709
1/1/1960,9/30/2002,37952
1/1/1960,9/30/2002,30779
1/1/1960,9/30/2002,37875
1/1/1960,9/30/2002,37797
1/1/1960,9/30/2002,37864
1/1/1960,9/30/2002,37897
1/1/1960,9/30/2002,37870
1/1/1960,9/30/2002,37713
1/1/1960,9/30/2002,37699
1/1/1960,9/30/2002,37729
1/1/1960,9/30/2002,37734
1/1/1960,9/30/2002,37927
1/1/1960,9/30/2002,37837
1/1/1960,9/30/2002,37941
1/1/1960,9/30/2002,37759
1/1/1960,9/30/2002,37912
1/1/1960,9/30/2002,37922
1/1/1960,9/30/2002,37857
1/1/1960,9/30/2002,37860
1/1/1960,9/30/2002,30815
1/1/1960,9/30/2002,37809
1/1/1960,9/30/2002,37715
1/1/1960,9/30/2002,37847
1/1/1960,9/30/2002,37795
1/1/1960,9/30/2002,30859
1/1/1960,9/30/2002,37741
1/1/1960,9/30/2002,37677
1/1/1960,9/30/2002,37939
1/1/1960,9/30/2002,30885
1/1/1960,9/30/2002,37898
1/1/1960,9/30/2002,37799
1/1/1960,9/30/2002,37735
1/1/1960,9/30/2002,37808
1/1/1960,9/30/2002,37846
1/1/1960,9/30/2002,37766
1/1/1960,9/30/2002,37881
1/1/1960,9/30/2002,37903
1/1/1960,9/30/2002,30921
1/1/1960,9/30/2002,37761
1/1/1960,9/30/2002,37843
1/1/1960,9/30/2002,37691
1/1/1960,9/30/2002,30554
1/1/1960,9/30/2002,30013
1/1/1960,9/30/2002,30920
1/1/1960,9/30/2002,30755
1/1/1960,10/31/2002,37876
1/1/1960,12/31/2002,4720
4/1/2009,12/31/2009,11010
1/1/1960,12/31/2009,10601
1/1/1960,12/31/2009,10600
1/1/1960,12/31/2009,1600
4/1/1968,12/31/1984,4590
9/1/1978,12/31/1979,38023
1/1/1979,6/30/1984,16016
1/1/1979,6/30/1984,16015
1/1/1979,6/30/1984,6015
1/1/1979,3/31/1987,6010
1/1/1979,4/30/1988,6720
1/1/1979,11/30/1997,19752
1/1/1979,11/30/1997,9750
1/1/1979,12/31/1984,9749
4/1/2012,,11033
1/1/1979,,6725
6/1/1979,2/29/1984,6705
1/1/1960,5/31/1979,30676
7/1/1979,12/31/1984,7040
7/1/1979,9/30/1986,2750
9/1/1980,9/30/2002,37971
12/1/1980,12/31/1986,6719
3/1/1981,3/31/1985,16203
3/1/1981,3/31/1985,6535
3/1/1981,3/31/1985,6534
4/1/1981,3/31/1983,6185
4/1/1981,12/31/1985,16650
4/1/1981,12/31/1985,6740
6/1/1981,6/30/1985,16008
6/1/1981,9/30/1985,6008
6/1/1981,9/30/1985,6007
6/1/1981,12/31/1986,80001
6/1/1981,12/31/1986,80020
6/1/1981,12/31/1986,80052
6/1/1981,12/31/1986,80007
6/1/1981,12/31/1986,80010
6/1/1981,12/31/1986,80014
6/1/1981,12/31/1986,80023
6/1/1981,12/31/1986,80049
6/1/1981,12/31/1986,80026
6/1/1981,12/31/1986,80028
6/1/1981,12/31/1986,80027
6/1/1981,12/31/1986,80044
6/1/1981,12/31/1986,80033
6/1/1981,12/31/1986,80005
6/1/1981,12/31/1986,80048
6/1/1981,12/31/1986,80003
6/1/1981,12/31/1986,80004
6/1/1981,12/31/1986,80017
6/1/1981,12/31/1986,80038
6/1/1981,12/31/1986,80055
6/1/1981,12/31/1986,80045
6/1/1981,12/31/1986,80016
6/1/1981,12/31/1986,80034
6/1/1981,12/31/1986,80002
6/1/1981,12/31/1986,80008
6/1/1981,12/31/1987,80030
6/1/1981,12/31/1987,80046
6/1/1981,12/31/1987,80021
6/1/1981,12/31/1987,80042
6/1/1981,12/31/1987,80057
6/1/1981,12/31/1988,80022
6/1/1981,12/31/1989,80009
6/1/1981,12/31/1989,80011
6/1/1981,12/31/1989,80012
6/1/1981,12/31/1989,80015
6/1/1981,12/31/1989,80018
6/1/1981,12/31/1989,80025
6/1/1981,12/31/1989,80036
6/1/1981,12/31/1989,80037
6/1/1981,12/31/1989,80043
6/1/1981,12/31/1989,80047
6/1/1981,12/31/1993,80039
6/1/1981,12/31/1996,80054
7/1/1981,12/31/1984,16151
1/1/1960,12/31/1984,16150
1/1/1979,12/31/1984,6150
7/1/1981,12/31/1989,90004
7/1/1981,12/31/1989,9224F
7/1/1981,12/31/1989,90008
7/1/1981,12/31/1989,90009
7/1/1981,12/31/1989,90154
7/1/1981,12/31/1989,90165
7/1/1981,12/31/1989,90024
7/1/1981,12/31/1989,90031
7/1/1981,12/31/1989,9419B
7/1/1981,12/31/1989,90034
7/1/1981,12/31/1989,90035
7/1/1981,12/31/1989,90037
7/1/1981,12/31/1989,90040
7/1/1981,12/31/1989,90043
7/1/1981,12/31/1989,90047
7/1/1981,12/31/1989,9303D
7/1/1981,12/31/1989,90050
7/1/1981,12/31/1989,90052
7/1/1981,12/31/1989,90053
7/1/1981,12/31/1989,90054
7/1/1981,12/31/1989,90055
7/1/1981,12/31/1989,90056
7/1/1981,12/31/1989,90059
7/1/1981,12/31/1989,90061
7/1/1981,12/31/1989,90065
11/1/1981,12/31/1989,90070
7/1/1981,12/31/1989,90078
7/1/1981,12/31/1989,90079
7/1/1981,12/31/1989,90082
7/1/1981,12/31/1989,90085
7/1/1981,12/31/1989,90087
7/1/1981,12/31/1989,90088
7/1/1981,12/31/1989,90089
7/1/1981,12/31/1989,90090
7/1/1981,12/31/1989,90091
7/1/1981,12/31/1989,90097
7/1/1981,12/31/1989,90099
7/1/1981,12/31/1989,9900M
7/1/1981,12/31/1989,90105
7/1/1981,12/31/1989,90106
7/1/1981,12/31/1989,90107
7/1/1981,12/31/1989,90109
7/1/1981,12/31/1989,9303B
7/1/1981,12/31/1989,90117
7/1/1981,12/31/1989,90121
7/1/1981,12/31/1989,90127
7/1/1981,12/31/1989,90128
7/1/1981,12/31/1989,90129
7/1/1981,12/31/1989,90136
7/1/1981,12/31/1989,90140
7/1/1981,12/31/1989,90141
7/1/1981,12/31/1989,90145
7/1/1981,12/31/1989,90146
7/1/1981,12/31/1989,90147
7/1/1981,12/31/1989,90148
7/1/1981,12/31/1989,80050
7/1/1981,12/31/1989,90151
7/1/1981,3/31/1991,9493A
7/1/1981,12/31/1991,9900N
7/1/1981,4/30/1992,9480A
7/1/1981,1/31/1993,9427E
7/1/1981,3/31/1993,9238A
7/1/1981,9/30/1993,9131A
7/1/1981,10/31/1993,9419C
7/1/1981,11/30/1993,9118A
7/1/1981,12/31/1993,9312B
7/1/1981,12/31/1994,9368B
7/1/1981,12/31/1994,9224G
7/1/1981,2/28/1995,9555A
7/1/1981,12/31/1995,9365A
7/1/1981,11/30/1996,9429B
7/1/1981,1/31/1997,9388B
7/1/1981,2/28/1997,9337B
7/1/1981,1/31/1998,9368C
7/1/1981,2/29/2000,9127B
7/1/1981,2/28/2001,9900F
7/1/1981,4/30/2001,9350A
11/1/1981,8/31/2001,9206A
7/1/1981,8/31/2001,9845A
7/1/1981,8/31/2001,9368A
7/1/1981,10/31/2001,9486A
7/1/1981,11/30/2001,9409A
7/1/1981,4/30/2002,9533A
7/1/1981,,9900A
7/1/1981,,9427B
3/1/2011,,9733A
7/1/1981,2/28/2011,9733A
7/1/1981,,9148B
7/1/1981,,9303A
7/1/1981,,9548A
7/1/1981,,9327A
7/1/1981,,9425A
1/1/2009,,9450A
7/1/1981,12/31/2008,9450A
7/1/1981,,9493E
7/1/1981,,9493F
7/1/1981,12/31/2006,9280A
1/1/2007,,9280A
7/1/1981,,9713A
7/1/1981,,9781A
7/1/1981,,9454A
7/1/1981,,9439A
7/1/1981,,9482B
7/1/1981,,9736B
7/1/1981,6/30/2011,9243A
7/1/1981,,9778A
7/1/1981,,9461A
7/1/1981,,9324B
7/1/1981,12/31/2007,9312A
7/1/1981,,9429D
7/1/1981,,9467A
7/1/1981,,9110A
7/1/1981,5/31/2009,9429E
7/1/1981,,9636A
7/1/1981,,9148C
7/1/1981,,9900J
7/1/1981,12/31/2009,9433A
7/1/1981,,9892A
7/1/1981,,9764A
7/1/1981,,9766A
7/1/1981,,9379A
7/1/1981,,9802A
7/1/1981,,9316B
7/1/1981,,9639A
7/1/1981,,9473A
7/1/1981,,9562A
7/1/1981,,9484B
7/1/1981,,9776A
1/1/1992,,9475A
7/1/1981,12/31/1991,9475A
7/1/1981,,9118B
7/1/1981,,9782A
7/1/1981,,9469A
7/1/1981,,9204A
8/1/1981,8/31/1987,6708
8/1/1981,,9493I
9/1/1981,4/30/1996,9324A
9/1/1981,9/30/2002,37963
9/1/1981,9/30/2002,37964
9/1/1981,9/30/2002,37966
9/1/1981,9/30/2002,37965
9/1/1981,9/30/2002,37968
9/1/1981,9/30/2002,37962
10/1/1981,12/31/1984,16710
10/1/1981,12/31/1984,6726
8/1/1981,12/31/1984,6723
12/1/1981,12/31/1989,37982
12/1/1981,9/30/2002,37985
12/1/1981,9/30/2002,37980
12/1/1981,9/30/2002,37978
12/1/1981,9/30/2002,37984
12/1/1981,9/30/2002,37975
12/1/1981,9/30/2002,37973
12/1/1981,9/30/2002,37972
12/1/1981,9/30/2002,37986
12/1/1981,9/30/2002,37983
12/1/1981,9/30/2002,37970
12/1/1981,9/30/2002,37974
12/1/1981,9/30/2002,37981
12/1/1981,9/30/2002,37977
7/1/1981,3/31/1983,16210
1/1/1982,3/31/1983,6570
2/1/1982,2/29/1984,6745
3/1/1982,2/28/1985,6709
3/1/1982,12/31/1990,37988
3/1/1982,9/30/2002,37989
3/1/1982,9/30/2002,37987
4/1/1982,7/31/1989,19323
1/1/1960,7/31/1989,19322
1/1/1960,7/31/1989,19321
1/1/1960,7/31/1989,9320
7/1/1981,12/31/1989,90094
6/1/1982,6/30/1991,6195
6/1/1982,9/30/2002,37990
7/1/1982,5/31/1984,6743
7/1/1982,7/31/1985,16230
7/1/1982,7/31/1985,6676
7/1/1982,7/31/1985,6675
7/1/1982,12/31/1997,9337A
8/1/1982,3/31/1984,16059
8/1/1982,3/31/1984,6058
8/1/1982,3/31/1984,6057
8/1/1982,,9644A
9/1/1982,9/30/2002,37993
9/1/1982,9/30/2002,37992
9/1/1982,9/30/2002,38005
9/1/1982,6/30/2003,9441A
10/1/1982,12/31/1989,90162
10/1/1982,12/31/1989,90166
11/1/1982,,9441B
11/1/1982,,9670A
12/1/1982,12/31/1986,80060
12/1/1982,12/31/1989,80059
12/1/1982,12/31/1994,9419A
12/1/1982,9/30/2002,38003
12/1/1982,9/30/2002,37998
12/1/1982,9/30/2002,37999
12/1/1982,9/30/2002,37969
12/1/1982,9/30/2002,38000
12/1/1982,9/30/2002,38015
2/1/1983,12/31/1989,90170
2/1/1983,11/30/2001,9429C
3/1/1983,10/31/1984,6014
3/1/1983,12/31/1989,9647A
3/1/1983,9/30/2002,38010
3/1/1983,9/30/2002,30475
3/1/1983,9/30/2002,37997
3/1/1983,9/30/2002,38016
3/1/1983,9/30/2002,38004
3/1/1983,9/30/2002,38001
3/1/1983,9/30/2002,38006
4/1/1983,10/31/1985,16034
4/1/1983,10/31/1985,6034
4/1/1983,10/31/1985,6033
4/1/1983,5/31/1989,16013
6/1/1983,10/31/1992,16250
6/1/1983,10/31/1992,6678
6/1/1983,10/31/1992,6677
6/1/1983,12/31/1997,38012
6/1/1983,10/31/2000,30131
6/1/1983,9/30/2002,30005
1/1/2011,,30005
6/1/1983,9/30/2002,38008
6/1/1983,9/30/2002,38014
8/1/1983,7/31/1984,16025
8/1/1983,7/31/1984,6025
9/1/1983,12/31/1986,38019
9/1/1983,12/31/1987,38026
9/1/1983,9/30/2002,38021
9/1/1983,9/30/2002,38018
9/1/1983,10/31/2002,6889
9/1/1983,10/31/2004,16890
9/1/1983,10/31/2003,6890
10/1/1983,12/31/1989,38007
11/1/1983,3/31/1987,16202
11/1/1983,3/31/1987,6501
10/1/1983,3/31/1987,6500
11/1/1983,3/31/1989,6630
11/1/1983,10/31/2001,9316A
12/1/1983,12/31/1986,80062
12/1/1983,12/31/1989,80061
12/1/1983,9/30/2002,38020
12/1/1983,9/30/2002,38027
12/1/1983,9/30/2002,38022
1/1/1984,3/31/1985,6206
2/1/1984,12/31/1989,90176
2/1/1984,10/31/1995,4350
10/1/1980,1/31/1984,4350
3/1/1984,3/31/1991,9824A
3/1/1984,12/31/2001,38035
3/1/1984,9/30/2002,38031
3/1/1984,9/30/2002,38028
3/1/1984,9/30/2002,38033
3/1/1984,9/30/2002,38030
4/1/1984,6/30/1996,16136
4/1/1984,6/30/1996,6137
4/1/1984,12/31/1994,6136
5/1/1984,3/31/1985,15045
1/1/1981,3/31/2008,5045
6/1/1984,9/30/2002,38040
6/1/1984,9/30/2002,38038
6/1/1984,9/30/2002,38041
6/1/1984,,9493K
7/1/1984,1/31/1985,16020
7/1/1984,1/31/1985,6023
7/1/1984,1/31/1985,6022
8/1/1984,7/31/1991,16212
8/1/1984,7/31/1991,6611
8/1/1984,7/31/1991,6610
8/1/1984,10/31/1994,16002
8/1/1984,10/31/1994,6002
8/1/1984,10/31/1994,6001
9/1/1984,12/31/1997,38037
1/1/1960,8/31/1984,37960
9/1/1984,,6580
7/1/2011,,11023
10/1/1984,7/31/1985,6707
10/1/1984,12/31/1989,9276A
10/1/1984,12/31/2008,15375
1/1/1960,12/31/2008,5375
1/1/2009,,15375
1/1/2009,,5375
12/1/1984,12/31/1988,80063
12/1/1984,9/30/2002,38042
1/1/1985,12/31/1985,38046
1/1/1985,12/31/1986,38043
1/1/1985,12/31/1986,38044
3/1/1984,12/31/1984,6788
1/1/1960,2/29/1984,30690
1/1/1985,12/31/1990,30690
1/1/1985,8/31/1991,9900P
1/1/1985,,9427A
2/1/1985,9/30/1985,16703
3/1/1985,9/30/2002,38050
3/1/1985,9/30/2002,38052
4/1/1985,12/31/1989,90182
4/1/1985,12/31/1994,38054
1/1/1960,12/31/2011,10221
1/1/1960,12/31/2011,10220
4/1/1985,12/31/2011,10219
1/1/1960,12/31/2011,1220
5/1/1985,10/31/1988,16590
5/1/1985,10/31/1988,6625
5/1/1985,10/31/1988,6624
6/1/1981,4/30/1985,80035
5/1/1985,9/30/2002,38058
1/1/1965,1/31/1991,10285
6/1/1985,9/30/1986,10284
1/1/1960,1/31/1991,0A285
6/1/1985,12/31/1986,38047
6/1/1985,12/31/1988,38080
6/1/1985,12/31/1989,38048
6/1/1985,12/31/1996,38071
6/1/1985,12/31/2000,38073
6/1/1985,9/30/2002,38065
6/1/1985,9/30/2002,38063
6/1/1985,9/30/2002,38068
6/1/1985,9/30/2002,38057
6/1/1985,9/30/2002,38074
6/1/1985,9/30/2002,38062
6/1/1985,9/30/2002,38070
6/1/1985,9/30/2002,38078
6/1/1985,9/30/2002,38061
6/1/1985,9/30/2002,38069
6/1/1985,9/30/2002,38059
6/1/1985,9/30/2002,38072
6/1/1985,9/30/2002,38064
6/1/1985,9/30/2002,38079
7/1/1985,11/30/1986,6805
7/1/1985,10/31/1996,9281A
7/1/1985,9/30/2002,38055
9/1/1985,2/28/1986,6770
9/1/1985,12/31/1987,38056
9/1/1985,9/30/2002,38097
9/1/1985,9/30/2002,38067
9/1/1985,9/30/2002,38081
9/1/1985,9/30/2002,38075
9/1/1985,9/30/2002,38111
9/1/1985,9/30/2002,38095
9/1/1985,9/30/2002,38060
9/1/1985,9/30/2002,38082
9/1/1985,9/30/2002,38077
9/1/1985,9/30/2002,38066
9/1/1983,9/30/1984,38024
10/1/1985,9/30/1986,16080
10/1/1985,9/30/1986,6080
10/1/1985,7/31/1989,16675
10/1/1985,7/31/1989,6756
10/1/1985,12/31/1989,6759
10/1/1985,5/31/1992,9205A
11/1/1985,3/31/1998,9832A
11/1/1985,,9591A
12/1/1985,12/31/1987,38086
12/1/1985,6/30/1989,16204
12/1/1985,6/30/1989,6203
12/1/1985,1/31/1988,6202
12/1/1985,12/31/1989,38085
12/1/1985,12/31/1989,90191
12/1/1985,12/31/1993,38087
12/1/1985,9/30/2002,38094
12/1/1985,9/30/2002,38093
12/1/1985,9/30/2002,38089
12/1/1985,9/30/2002,38098
12/1/1985,9/30/2002,38091
12/1/1985,9/30/2002,38088
12/1/1985,9/30/2002,38090
1/1/1960,11/30/1985,37836
3/1/1986,12/31/1987,37836
12/1/1985,2/28/1986,6012
7/1/1981,12/31/1989,90150
3/1/1986,12/31/1996,38108
3/1/1986,9/30/2002,38114
3/1/1986,9/30/2002,38107
3/1/1986,9/30/2002,38102
3/1/1986,9/30/2002,38106
3/1/1986,9/30/2002,38104
3/1/1986,9/30/2002,38103
3/1/1986,9/30/2002,38105
3/1/1986,,9162C
4/1/1986,2/28/1995,9591B
6/1/1986,12/31/1989,38100
6/1/1986,12/31/1989,80067
6/1/1986,9/30/2002,38113
6/1/1986,9/30/2002,38112
7/1/1986,5/31/1988,6785
4/1/1984,6/30/1986,6021
1/1/1960,3/31/1984,30090
7/1/1986,12/31/1997,30090
7/1/1986,4/30/2002,9388A
7/1/1986,,9729A
9/1/1986,12/31/1989,38116
9/1/1986,12/31/1996,38110
9/1/1986,9/30/2002,38119
9/1/1986,9/30/2002,38117
3/1/1985,9/30/2002,38051
9/1/1986,12/31/2002,38120
8/1/1980,9/30/1986,6550
9/1/1980,9/30/1986,6549
10/1/1986,4/30/1997,6550
10/1/1986,12/31/1995,6549
6/1/1986,9/30/1986,38101
10/1/1986,3/31/1987,16027
10/1/1986,3/31/1987,6027
10/1/1986,3/31/1987,6026
10/1/1986,5/31/2000,9316C
10/1/1986,,10262
1/1/1960,,10261
1/1/1960,,10260
1/1/1960,,1260
11/1/1986,,9736A
12/1/1986,12/31/1989,80068
12/1/1986,1/31/1992,9493C
12/1/1986,9/30/2002,38123
12/1/1986,,9749A
4/1/1985,12/31/1986,6722
1/1/1960,3/31/1985,30645
1/1/1987,6/30/1988,30645
1/1/1987,1/31/1989,16199
2/1/1984,1/31/1989,6201
1/1/1987,12/31/1989,16640
1/1/1987,12/31/1989,6728
1/1/1987,12/31/1987,6727
3/1/1987,4/30/1993,9900K
3/1/1987,9/30/2002,38121
3/1/1987,9/30/2002,38124
3/1/1987,9/30/2002,38122
4/1/1987,12/31/1989,90197
4/1/1987,,9507A
5/1/1987,,10052
1/1/1960,,10050
4/1/1982,,10049
1/1/1960,,0A050
6/1/1987,5/31/2002,9900B
6/1/1987,9/30/2002,38127
7/1/1987,12/31/1994,9106A
9/1/1987,12/31/1989,90201
10/1/1985,9/30/1987,6710
1/1/1960,9/30/1985,37889
10/1/1987,1/31/1988,37889
10/1/1987,8/31/1989,90013
10/1/1985,8/31/1997,16702
10/1/1987,8/31/1997,6702
10/1/1985,8/31/1997,6701
10/1/1987,9/30/2002,38134
6/1/1981,9/30/2002,37979
10/1/1987,9/30/2002,38128
10/1/1987,9/30/2002,38131
10/1/1987,9/30/2002,38133
10/1/1987,9/30/2002,38129
10/1/1987,9/30/2002,38132
10/1/1987,9/30/2002,38130
10/1/1987,,9679A
11/1/1987,8/31/1989,12681
6/1/1987,8/31/1989,12680
1/1/1960,8/31/1989,2680
12/1/1987,12/31/1989,80069
12/1/1987,9/30/1998,9238B
12/1/1987,12/31/1998,38149
12/1/1987,12/31/1998,80070
12/1/1987,9/30/2002,38137
2/1/1987,4/30/1987,16876
8/1/1984,12/31/1987,16875
8/1/1984,12/31/1987,6880
8/1/1984,12/31/1985,6879
1/1/1988,3/31/1990,16875
1/1/1988,3/31/1990,6880
1/1/1988,9/30/1997,9900O
1/1/1988,,9736D
3/1/1988,12/31/1990,38136
3/1/1988,12/31/1998,38138
3/1/1988,9/30/2002,38140
3/1/1988,9/30/2002,38135
3/1/1988,9/30/2002,38144
3/1/1988,9/30/2002,38096
3/1/1988,9/30/2002,38157
3/1/1988,9/30/2002,38139
3/1/1988,11/30/2002,9337D
4/1/1988,3/31/1999,9224B
5/1/1988,10/31/1988,6906
5/1/1988,10/31/1988,6905
1/1/1986,12/31/1989,90188
6/1/1988,12/31/1996,38169
6/1/1988,12/31/1999,38143
6/1/1988,12/31/1999,38142
6/1/1988,9/30/2002,38146
6/1/1988,9/30/2002,38147
6/1/1988,9/30/2002,38141
6/1/1988,9/30/2002,38145
6/1/1988,9/30/2002,38153
7/1/1988,2/28/1991,9597A
7/1/1988,3/31/2002,9486B
7/1/1988,9/30/2002,38151
7/1/1988,9/30/2002,38152
7/1/1988,,9900D
7/1/1988,,9427C
9/1/1988,12/31/1989,9634A
11/1/1988,,9493J
12/1/1988,12/31/1989,90225
12/1/1988,12/31/1991,9148D
1/1/1989,6/30/1989,90232
1/1/1989,1/31/1994,9127A
1/1/1989,5/31/1996,9224D
1/1/1979,9/30/1986,2849
1/1/1989,9/30/1996,9238C
3/1/1989,12/31/1989,90226
3/1/1989,2/28/1997,9736C
3/1/1989,9/30/2002,38158
4/1/1989,,9493D
6/1/1989,9/30/2002,38160
6/1/1989,9/30/2002,38162
6/1/1989,9/30/2002,38161
6/1/1989,,9403A
10/1/1988,6/30/1989,16029
7/1/1989,,16028
10/1/1988,,6029
10/1/1988,6/30/1991,6028
7/1/1989,,9148A
9/1/1989,12/31/1990,38165
9/1/1989,12/31/1993,80072
1/1/1960,9/30/2002,30411
9/1/1989,9/30/2002,38167
9/1/1989,9/30/2002,38168
9/1/1989,9/30/2002,38170
9/1/1989,9/30/2002,38166
1/1/1990,4/30/1990,9493L
1/1/1990,8/31/1990,16883
1/1/1990,8/31/1990,6883
1/1/1990,3/31/1992,16915
1/1/1990,3/31/1992,6915
1/1/1990,11/30/1992,9277B
1/1/1990,1/31/1993,9110B
7/1/1981,12/31/1989,90133
1/1/1990,12/31/1994,9388K
1/1/1990,1/31/1995,9388G
1/1/1990,5/31/1996,9118C
1/1/1990,12/31/1996,9148E
1/1/1990,12/31/1996,9327B
1/1/1990,2/28/1997,9388D
1/1/1990,12/31/1997,9388C
1/1/1990,12/31/1998,9324C
1/1/1990,8/31/2001,9127C
1/1/1990,9/30/2001,16018
1/1/1990,9/30/2001,6018
1/1/1990,,9729B
2/1/1990,4/30/1996,9844A
6/1/1983,2/29/1984,16111
6/1/1983,2/29/1984,6111
6/1/1983,2/29/1984,6110
3/1/1990,1/31/1993,16950
6/1/1981,2/28/1990,80058
3/1/1990,12/31/1996,38173
3/1/1990,9/30/2002,38172
3/1/1990,9/30/2002,38174
3/1/1990,9/30/2002,38177
3/1/1990,9/30/2002,38175
3/1/1990,9/30/2002,38171
4/1/1990,3/31/1992,9409B
4/1/1990,3/31/1998,9388E
4/1/1990,8/31/2000,9277A
5/1/1990,,9233A
7/1/1981,4/30/1990,9233A
6/1/1990,6/30/1991,9106B
6/1/1990,11/30/1996,9427G
6/1/1990,9/30/2002,38204
7/1/1990,2/28/1991,9385A
7/1/1990,,16913
7/1/1990,,16912
7/1/1990,,16911
10/1/1988,6/30/1990,16910
10/1/1988,,6910
6/1/1981,9/30/1988,80053
9/1/1990,12/31/2001,38179
9/1/1990,9/30/2002,38205
9/1/1990,9/30/2002,38181
9/1/1990,9/30/2002,38184
9/1/1990,9/30/2002,38180
9/1/1990,9/30/2002,38182
9/1/1990,9/30/2002,38187
9/1/1990,9/30/2002,38188
9/1/1990,9/30/2002,38183
9/1/1990,12/31/1991,9385B
10/1/1990,12/31/1994,9153B
10/1/1990,9/30/2002,38195
10/1/1990,,16031
1/1/1960,,6031
11/1/1990,8/31/1992,9275A
11/1/1990,,9224E
11/1/1983,10/31/1990,9224E
11/1/1990,,9851A
7/1/1981,10/31/1990,9851A
12/1/1990,2/28/1991,9493M
12/1/1990,9/30/2002,38189
12/1/1990,9/30/2002,38190
1/1/1991,12/31/1995,38193
1/1/1991,9/30/2002,38194
1/1/1991,9/30/2002,38192
2/1/1991,12/31/1998,9388J
3/1/1991,1/31/1992,9427H
3/1/1991,7/31/1993,9388F
3/1/1991,9/30/2002,38199
3/1/1991,9/30/2002,38203
3/1/1991,9/30/2002,38198
3/1/1991,9/30/2002,38197
3/1/1991,9/30/2002,38202
3/1/1991,9/30/2002,38200
6/1/1991,10/31/2001,9403B
1/1/1990,6/30/1991,19757
1/1/1990,6/30/1991,19756
7/1/1980,12/31/1989,19755
9/1/1980,6/30/1991,9755
9/1/1980,12/31/1986,9754
7/1/1991,12/31/1991,19757
7/1/1991,12/31/1991,19756
7/1/1991,12/31/1991,9755
7/1/1991,5/31/1992,6120
10/1/1989,6/30/1991,16664
10/1/1989,6/30/1991,6751
10/1/1989,6/30/1991,6748
7/1/1991,6/30/1998,16664
7/1/1991,6/30/1998,6748
4/1/1986,8/31/1989,16665
9/1/1989,9/30/1989,16664
4/1/1986,9/30/1989,6751
12/1/1984,9/30/1989,6748
2/1/1990,,9327D
7/1/1981,1/31/1990,9327D
7/1/1991,8/31/1999,9736E
8/1/1991,8/31/1991,9565A
8/1/1991,5/31/2002,9388I
9/1/1986,2/28/1987,6711
8/1/1991,,9713B
9/1/1991,9/30/2002,38201
9/1/1991,9/30/2002,38206
9/1/1991,,9900C
3/1/1988,8/31/1991,9900C
10/1/1991,12/31/1994,80013
10/1/1991,9/30/1995,9736F
10/1/1991,9/30/2002,38210
10/1/1991,9/30/2002,38208
10/1/1991,9/30/2002,38209
12/1/1991,12/31/2001,38220
12/1/1991,9/30/2002,38212
1/1/1992,9/30/1994,16620
1/1/1992,9/30/1994,6620
1/1/1992,9/30/1994,6619
9/1/1990,12/31/1995,38186
1/1/1992,12/31/1995,38224
1/1/1992,2/28/1997,16092
1/1/1992,2/28/1997,6092
1/1/1992,12/31/1995,6091
1/1/1992,9/30/1997,9224I
7/1/1981,12/31/1989,90114
1/1/1992,10/31/2001,9385C
1/1/1992,,7900G
3/1/1983,,10877
1/1/1992,,10876
5/1/1990,,10874
1/1/1960,,0A875
3/1/1992,9/30/2002,38217
3/1/1992,9/30/2002,38218
3/1/1992,9/30/2002,38223
4/1/1992,12/31/1994,16755
4/1/1992,12/31/1994,6755
4/1/1992,12/31/1994,6754
4/1/1992,6/30/1992,16907
4/1/1992,6/30/2000,6907
2/1/1992,3/31/1992,16907
7/1/1989,3/31/1992,6907
5/1/1984,4/30/1992,16280
5/1/1984,4/30/1992,6685
5/1/1992,6/30/1993,16281
5/1/1992,6/30/1992,16280
5/1/1992,6/30/1993,6685
5/1/1992,12/31/1994,9441C
5/1/1992,,9281B
7/1/1981,12/31/1989,90020
6/1/1992,9/30/2002,38228
6/1/1992,9/30/2002,38226
6/1/1992,9/30/2002,38221
6/1/1992,9/30/2002,38225
2/1/1991,6/30/1992,16049
6/1/1992,9/30/2007,16048
6/1/1983,9/30/2007,6049
7/1/1992,1/31/1993,9224H
7/1/1992,7/31/1993,16054
7/1/1992,7/31/1993,6054
7/1/1992,7/31/1993,6053
7/1/1992,12/31/1999,6775
7/1/1992,8/31/2003,9327F
7/1/1992,,9153C
12/1/1981,10/31/1987,6670
7/1/1992,,6798
1/1/1960,6/30/1992,30845
7/1/1981,9/30/1987,16715
1/1/1960,6/30/1981,30766
10/1/1987,12/31/1987,30766
10/1/1992,2/28/1993,9484D
12/1/1992,3/31/1994,9127D
12/1/1992,10/31/1994,16695
12/1/1992,10/31/1994,6695
12/1/1992,1/31/1999,9411B
7/1/1981,11/30/1992,9493G
12/1/1992,,9781B
2/1/1993,12/31/1994,16160
2/1/1993,12/31/1994,6160
1/1/1993,12/31/1994,6159
2/1/1993,12/31/2007,16087
2/1/1993,12/31/2007,6087
2/1/1993,12/31/1994,6086
1/1/2008,,16087
1/1/2008,,6087
3/1/1993,12/31/1993,38229
3/1/1993,12/31/1995,38231
3/1/1993,8/31/2000,9327G
3/1/1993,9/30/2002,38232
3/1/1993,9/30/2002,38230
3/1/1993,9/30/2002,38227
4/1/1993,9/30/1995,16893
4/1/1993,9/30/1995,6893
4/1/1993,9/30/1995,6892
4/1/1993,12/31/1998,9368D
4/1/1993,11/30/2003,9148L
4/1/1993,12/31/2010,16192
5/1/1993,12/31/1993,9388L
5/1/1993,3/31/1995,16762
5/1/1993,3/31/1995,6762
9/1/1989,4/30/1993,16762
9/1/1989,4/30/1993,6762
9/1/1989,12/31/1992,6761
5/1/1993,5/31/1995,16270
5/1/1993,5/31/1995,6280
5/1/1993,5/31/1995,6279
1/1/1960,12/31/1991,37758
5/1/1993,12/31/1996,9493O
5/1/1993,,9437A
6/1/1993,5/31/1996,9148K
6/1/1993,9/30/2002,9327H
7/1/1993,2/28/1995,9148M
7/1/1993,11/30/1996,9482D
1/1/1985,6/30/1993,9224A
7/1/1993,5/31/2000,9224A
7/1/1993,8/31/2001,9148F
1/1/1990,6/30/1993,9148F
7/1/1993,5/31/2002,9385D
6/1/1983,12/31/1986,16670
4/1/1981,12/31/1986,6750
8/1/1993,12/31/2001,9450B
9/1/1993,12/31/2000,6908
9/1/1993,8/31/2001,9162A
9/1/1993,9/30/2002,38236
9/1/1993,9/30/2002,38234
9/1/1993,9/30/2002,38238
9/1/1993,9/30/2002,38242
9/1/1993,9/30/2002,38237
9/1/1993,9/30/2002,38233
9/1/1993,9/30/2002,38239
10/1/1993,9/30/1998,19767
4/1/1980,9/30/1993,19765
5/1/1980,9/30/1998,9786
11/1/1993,,9488A
12/1/1993,11/30/1994,9148O
12/1/1993,,9703A
1/1/1960,12/31/1978,30124
1/1/1979,12/31/1993,6020
1/1/1994,,6024
3/1/1994,9/30/2002,38246
3/1/1994,9/30/2002,38243
1/1/1960,3/31/1987,10930
1/1/1960,3/31/1987,1930
4/1/1994,2/28/1995,16947
9/1/1992,3/31/1994,16946
9/1/1992,2/28/1995,6946
9/1/1992,12/31/1993,6945
6/1/1994,2/28/1995,16916
6/1/1994,2/28/1995,6916
6/1/1994,8/31/2000,9409C
6/1/1994,,9148N
12/1/1981,3/31/1990,16561
12/1/1981,3/31/1990,6561
12/1/1981,12/31/1985,6560
7/1/1994,2/28/1997,9605A
7/1/1994,6/30/1997,9206B
7/1/1994,12/31/2013,16208
1/1/1979,6/30/1994,16201
1/1/1979,12/31/2013,6198
1/1/1979,1/31/1988,6197
7/1/1981,12/31/1989,90044
7/1/1994,,9821A
8/1/1994,8/31/1997,6032
12/1/1991,9/30/1998,38213
9/1/1994,12/31/1994,38248
9/1/1994,9/30/2002,38250
10/1/1994,8/31/2004,9529A
10/1/1994,4/30/2007,9900T
12/1/1994,6/30/1995,9900R
12/1/1994,12/31/1998,38249
12/1/1994,9/30/2002,38251
12/1/1994,9/30/2002,38252
9/1/1989,12/31/1994,38159
1/1/1995,12/31/1995,6540
1/1/1995,2/29/1996,9900S
11/1/1982,12/31/1994,9484A
1/1/1995,12/31/1999,9419D
1/1/1995,6/30/2000,16772
1/1/1995,6/30/2000,6772
1/1/1995,6/30/2000,6771
7/1/1981,6/30/1993,9224C
1/1/1995,12/31/2000,9224C
7/1/1993,12/31/1994,9224C
3/1/1995,9/30/2002,38255
4/1/1995,3/31/1997,9238E
4/1/1995,1/31/1998,6922
4/1/1995,2/28/1998,9316D
4/1/1995,,9788A
6/1/1995,9/30/2002,38253
6/1/1995,9/30/2002,38256
6/1/1995,9/30/2002,38254
1/1/1960,4/30/1991,6075
5/1/1991,9/30/2002,37991
6/1/1994,5/31/1995,9148P
6/1/1995,,9148P
7/1/1995,1/31/1997,6898
9/1/1995,9/30/2002,38258
10/1/1995,9/30/2000,16881
11/1/1983,9/30/2000,16880
10/1/1995,5/31/2000,6855
10/1/1995,11/30/2001,9303C
6/1/1987,9/30/1995,9303C
11/1/1995,4/30/2001,9900V
11/1/1995,,9770A
12/1/1995,9/30/2002,38259
1/1/2006,9/30/2007,6175
12/1/1995,12/31/2005,6175
1/1/1996,2/28/1997,6680
1/1/1979,12/31/1995,16932
1/1/1996,3/31/2014,16931
6/1/1980,9/30/1986,16930
1/1/1979,3/31/2014,6930
1/1/1979,12/31/1985,6929
2/1/1996,3/31/1998,9148Q
3/1/1996,9/30/1997,6753
3/1/1995,2/29/1996,6753
3/1/1996,9/30/2002,38260
4/1/1996,12/31/2000,16697
4/1/1996,12/31/2000,6697
4/1/1996,6/30/1997,6696
5/1/1996,12/31/2014,16759
10/1/1994,12/31/2014,16758
5/1/1996,12/31/2014,16757
10/1/1994,12/31/2014,6758
1/1/2015,,16759
1/1/2015,,16758
1/1/2015,,16757
1/1/2015,,6758
7/1/1981,12/31/1989,90119
4/1/1994,5/31/1996,16825
4/1/1994,5/31/1996,6825
4/1/1994,5/31/1996,6824
6/1/1996,7/31/1996,16825
6/1/1996,7/31/1996,6825
6/1/1996,7/31/1996,6824
6/1/1996,4/30/1997,9475D
10/1/2010,10/31/2015,9475C
6/1/1996,2/28/1999,9475C
7/1/1981,9/30/1993,9337C
7/1/1996,9/30/2000,9337C
7/1/1996,12/31/2005,16853
7/1/1996,12/31/2005,6853
7/1/1996,12/31/2005,6852
6/1/1981,12/31/1985,80029
1/1/1988,7/31/1996,16197
1/1/1986,7/31/1996,16196
8/1/1989,7/31/1996,16195
1/1/1986,7/31/1996,6200
8/1/1996,,16197
8/1/1996,,16196
8/1/1996,,16195
8/1/1996,,6200
12/1/1982,7/31/1996,6721
8/1/1996,,6721
1/1/2013,,11041
6/1/1981,11/30/1982,80041
6/1/1987,10/31/1996,9484C
11/1/1996,7/31/1997,9484C
11/1/1996,7/31/2010,9488B
8/1/2010,,9488B
11/1/1996,,9162D
12/1/1996,12/31/1998,38263
12/1/1996,9/30/2002,38262
7/1/1981,12/31/1996,9259B
1/1/1997,6/30/2000,9259B
1/1/1960,9/30/2002,30018
1/1/1997,8/31/2001,9900E
1/1/1990,12/31/1996,9900E
1/1/1997,8/31/2001,9409D
1/1/1960,12/31/1982,30047
1/1/1983,2/29/1984,6013
1/1/1997,10/31/2001,9482A
12/1/1988,12/31/1996,9482A
6/1/2009,,9482A
2/1/1997,,9429A
7/1/1981,1/31/1997,9429A
3/1/1997,11/30/1998,9224J
3/1/1997,12/31/1998,38264
1/1/1990,2/28/1997,9148H
3/1/1997,1/31/2000,9148H
3/1/1997,9/30/2000,9409E
3/1/1997,10/31/2000,16768
3/1/1997,7/31/2000,6768
3/1/1997,10/31/2000,6767
7/1/1981,12/31/1989,90045
3/1/1997,9/30/2004,9204B
5/1/1992,2/28/1997,9204B
5/1/1997,11/30/1997,9493Q
6/1/1997,3/31/2000,16792
6/1/1997,3/31/2000,6802
6/1/1997,3/31/2000,6799
6/1/1997,9/30/2002,38267
6/1/1997,12/31/2002,38266
1/1/1960,2/29/1980,30312
3/1/1980,11/30/1985,6180
6/1/1997,,9713C
6/1/1994,9/30/1994,9243B
8/1/1997,3/31/2000,9243B
9/1/1997,12/31/2000,38270
10/1/1997,10/31/2005,9770B
6/1/1983,11/30/1988,6734
6/1/1991,11/30/1995,9482C
11/1/1997,9/30/2001,9482C
2/1/1984,4/30/1987,6009
11/1/1997,,9439B
12/1/1997,9/30/2002,38271
1/1/1998,6/30/1998,6205
9/1/1991,12/31/1997,38207
1/1/1998,12/31/2000,6220
9/1/1992,12/31/1997,6220
7/1/1981,10/31/1991,9131B
12/1/1991,1/31/1993,9235A
1/1/1998,1/31/2001,9235A
3/1/1996,12/31/1997,16797
3/1/1996,12/31/1997,6797
3/1/1996,12/31/1997,6796
1/1/1998,5/31/2001,16797
1/1/1998,5/31/2001,6797
10/1/1995,12/31/1997,16886
10/1/1995,12/31/1997,6886
10/1/1995,12/31/1997,6885
1/1/1998,9/30/2005,16886
1/1/1998,9/30/2005,6886
1/1/1998,,9461B
3/1/1986,12/31/1997,9461B
1/1/1987,12/31/1997,16198
1/1/1987,12/31/1997,6746
1/1/1987,12/31/1997,6747
1/1/2006,12/31/2009,16198
1/1/2006,12/31/2009,6747
1/1/1998,12/31/2005,16198
1/1/1998,2/28/1998,6746
1/1/1998,12/31/2005,6747
1/1/2010,3/31/2017,16198
1/1/2010,3/31/2017,6747
4/1/1998,4/30/2004,9736H
10/1/1987,3/31/1998,16052
10/1/1987,3/31/1998,6052
10/1/1987,12/31/1988,6051
1/1/2007,,16052
1/1/2007,,6052
4/1/1998,12/31/2006,16052
4/1/1998,12/31/2006,6052
5/1/1998,,9148R
6/1/1998,,9522A
7/1/1998,6/30/2017,9427J
1/1/1990,7/31/1994,9388H
7/1/1998,,9388H
8/1/1998,,9316E
9/1/1998,11/30/1998,9486C
9/1/1998,9/30/2002,38272
9/1/1998,9/30/2002,38273
1/1/1987,11/30/1989,12120
3/1/1984,12/31/1989,2120
11/1/1998,7/31/1999,9429F
11/1/1998,,9823A
12/1/1998,4/30/2001,9454C
12/1/1998,12/31/2002,6000
12/1/1998,10/31/2000,9224K
12/1/1998,12/31/2006,16565
12/1/1998,12/31/2006,6565
12/1/1998,12/31/2006,6564
1/1/2007,12/31/2009,16565
1/1/2007,12/31/2009,6565
1/1/2007,12/31/2009,6564
1/1/2010,12/31/2011,16565
1/1/2010,12/31/2011,6565
1/1/2010,12/31/2011,6564
1/1/2012,,16565
1/1/2012,,6565
12/1/1998,,9316F
8/1/1995,12/31/1998,6290
1/1/1999,7/31/1999,6290
5/1/1997,12/31/1998,6699
1/1/2013,12/31/2014,6699
1/1/2013,12/31/2014,11040
1/1/1999,12/31/2012,6699
1/1/2012,12/31/2012,11040
1/1/2015,,6699
1/1/2015,,11040
1/1/1960,6/30/1997,30546
1/1/1999,12/31/2011,6692
7/1/1997,12/31/1998,6692
1/1/1982,9/30/1984,16042
1/1/1982,9/30/1984,6043
1/1/1982,9/30/1984,6042
7/1/1981,12/31/1989,90086
2/1/1999,12/31/2002,16191
2/1/1999,4/30/2000,6191
1/1/1989,6/30/1991,16191
1/1/1989,6/30/1991,6191
7/1/1991,1/31/1999,16191
7/1/1991,1/31/1999,6191
3/1/1999,9/30/2002,38276
3/1/1999,4/30/2003,9454B
4/1/1999,11/30/2002,6737
4/1/1999,12/31/2009,16070
4/1/1999,12/31/2009,6070
4/1/1999,12/31/2009,6069
1/1/2010,,16070
1/1/2010,,6070
5/1/1999,10/31/2000,16698
5/1/1999,10/31/2000,6698
5/1/1999,6/30/2008,9484E
7/1/2008,,9484E
6/1/1999,9/30/2002,38280
8/1/1999,8/31/2002,9303F
1/1/1993,8/31/1999,9417A
9/1/1999,,9418A
7/1/1981,12/31/1992,9417A
10/1/1999,12/31/1999,9484F
10/1/1999,11/30/2010,9736I
11/1/1999,7/31/2000,9419E
10/1/1982,12/31/1983,6870
11/1/1999,,9368E
11/1/1999,,9368F
1/1/2008,,16841
1/1/2008,,6841
12/1/1999,12/31/2007,16841
12/1/1999,12/31/2007,6841
12/1/1999,12/31/2001,6840
1/1/2000,7/31/2000,16451
1/1/2000,7/31/2000,6451
10/1/1992,12/31/1994,6450
1/1/1995,12/31/1999,16451
1/1/1995,12/31/1999,6451
1/1/2000,9/30/2002,6914
11/1/1994,12/31/1999,6914
1/1/2000,9/30/2008,16510
1/1/2000,9/30/2008,6510
10/1/1996,12/31/1999,16510
10/1/1996,12/31/1999,6510
1/1/2000,9/30/2010,16061
1/1/2000,9/30/2010,6061
9/1/1982,12/31/1999,16061
6/1/1981,12/31/1999,6061
6/1/1981,1/31/1988,6060
2/1/1998,12/31/1999,16884
2/1/1998,12/31/1999,6884
2/1/1998,12/31/1999,6882
1/1/2000,12/31/2010,16884
1/1/2000,12/31/2010,6884
1/1/2011,12/31/2011,16884
1/1/2011,12/31/2011,6884
1/1/2012,,16884
1/1/2012,,6884
6/1/2000,7/31/2000,9456A
9/1/1997,6/30/1999,38268
7/1/2000,9/30/2002,38288
9/1/2000,9/30/2002,38289
9/1/2000,,9636B
9/1/2000,,16057
9/1/2000,,6815
9/1/2000,,6055
10/1/2000,4/30/2005,6166
12/1/1993,9/30/2000,38240
1/1/2014,6/30/2015,16400
1/1/2014,6/30/2015,6400
3/1/1996,12/31/2000,16400
3/1/1996,12/31/2000,6400
3/1/1996,12/31/2000,6399
1/1/2001,12/31/2006,16400
1/1/2001,12/31/2006,6400
1/1/2001,12/31/2006,6399
1/1/2007,12/31/2013,16400
1/1/2007,12/31/2013,6400
1/1/2007,12/31/2013,6399
8/1/1987,11/30/1996,16729
8/1/1987,11/30/1996,6729
1/1/2001,5/31/2008,16729
1/1/2001,5/31/2008,6729
12/1/1996,12/31/2000,16729
12/1/1996,12/31/2000,6729
4/1/1991,10/31/1991,9427F
1/1/1990,3/31/1991,9427F
4/1/1991,12/31/2000,9900G
1/1/2001,12/31/2010,9900G
1/1/2011,,9900G
7/1/1989,7/31/1989,16144
7/1/1989,12/31/1991,6144
7/1/1989,12/31/1991,6143
6/1/2012,12/31/2014,11034
1/1/2001,12/31/2014,6144
1/1/1992,12/31/2000,6144
1/1/1992,12/31/1993,6143
1/1/2015,,11034
1/1/2015,,6144
2/1/2001,,9368G
3/1/2001,,9736J
3/1/2001,,9486E
4/1/2001,12/31/2001,16760
4/1/2001,12/31/2001,6757
10/1/1985,12/31/1989,10847
1/1/1960,3/31/2001,10845
1/1/1960,3/31/2001,0A845
4/1/2001,9/30/2002,38295
4/1/2001,,9475E
8/1/2001,5/1/2014,9475F
7/1/1982,10/31/1985,6095
4/1/2001,10/31/2001,9427D
5/1/1993,3/31/2001,9427D
11/1/2001,3/31/2002,9427D
11/1/1983,4/30/1993,9427D
4/1/2001,12/31/2001,38294
1/1/2002,12/31/2003,6963
1/1/2002,7/31/2004,16681
1/1/2002,7/31/2004,6682
1/1/2002,7/31/2004,6681
1/1/1999,12/31/2001,16681
1/1/1999,12/31/2001,6682
1/1/1989,12/31/1998,16681
1/1/1985,12/31/1998,6682
1/1/1985,12/31/1988,6681
12/1/1985,12/31/2001,38092
1/1/2002,11/30/2004,6991
12/1/1995,1/31/1997,6036
3/1/1997,12/31/2001,9482E
1/1/2002,12/31/2009,9482E
1/1/2002,,9148U
3/1/1992,12/31/2001,38215
1/1/2002,12/31/2004,6936
6/1/1994,12/31/2001,38247
1/1/2002,,6980
1/1/1960,12/31/2001,37626
1/1/2002,3/31/2006,6975
4/1/2006,,6975
7/1/2000,12/31/2001,38285
1/1/2002,,6970
1/1/2002,,9388M
8/1/1986,2/29/1988,16793
6/1/1987,2/29/1988,6793
6/1/1987,2/29/1988,6792
1/1/2002,,9900Y
2/1/2002,12/31/2007,9148V
4/1/2002,9/30/2004,9259A
7/1/1981,3/31/2002,9259A
4/1/2002,2/29/2012,9368H
4/1/2002,,9486G
5/1/2002,,9486F
3/1/1989,7/31/1991,16190
3/1/1989,7/31/1991,6189
1/1/1987,2/28/1989,16189
1/1/1987,2/28/1989,6188
6/1/1981,12/31/1986,80024
7/1/2002,,9131D
4/1/1991,6/30/2002,6904
7/1/2002,12/31/2007,6904
1/1/2008,,6904
6/1/1983,3/31/1991,38011
9/1/2002,,9303G
9/1/2002,10/31/2005,99002
1/1/1960,9/30/2002,37803
10/1/2002,10/31/2002,6818
10/1/2002,2/28/2003,6847
9/1/1990,9/30/2002,38185
10/1/2002,3/31/2003,7900F
10/1/1993,4/30/2000,06917 (1)
1/1/2001,9/30/2002,38291
10/1/2002,6/30/2003,6917
1/1/1960,9/30/2002,30856
10/1/2002,10/31/2003,6669
7/1/2000,9/30/2002,38286
10/1/2002,1/31/2004,6955
3/1/1999,9/30/2002,38278
10/1/2002,6/30/2004,6829
7/1/1991,3/31/1992,06925 (1)
6/1/1985,6/30/1991,38049
10/1/1999,9/30/2002,38284
10/1/2002,12/31/2004,6925
10/1/2002,,9148W
4/1/1988,6/30/1993,06920 (1)
1/1/1960,3/31/1988,30784
10/1/2002,2/28/2005,6920
3/1/1992,9/30/2002,38216
10/1/2002,,7021
6/1/1989,9/30/2002,38163
10/1/2002,3/31/2008,7018
4/1/2008,12/31/2009,7018
1/1/2010,9/30/2012,7018
12/1/1991,9/30/2002,38211
10/1/2002,,7900C
6/1/1992,12/31/1996,38222
1/1/2006,,6954
12/1/1981,9/30/2002,37976
10/1/2002,12/31/2005,6954
1/1/1960,9/30/2002,37749
10/1/2002,12/31/2005,6953
1/1/2006,3/31/2008,6953
10/1/2002,,9493S
9/1/1984,3/31/1986,16941
9/1/1984,3/31/1986,6941
9/1/1984,3/31/1986,06940 (1)
3/1/1984,9/30/2002,38034
10/1/2002,,6940
10/1/1979,4/30/1986,6712
1/1/1993,6/30/1994,16300
1/1/1993,6/30/1994,6300
1/1/1993,12/31/1994,6299
3/1/1984,12/31/1992,38032
10/1/2002,,6299
1/1/1960,9/30/2002,30410
10/1/2002,12/31/2004,6977
1/1/2005,9/30/2010,6977
10/1/2002,10/31/2015,9486H
9/1/1983,9/30/2002,38025
10/1/2002,,6933
10/1/2002,,9493R
1/1/1960,9/30/2002,30627
10/1/2002,6/30/2004,6958
10/1/2002,9/30/2005,7900D
10/1/2010,,7900D
12/1/1997,12/31/1998,16927
12/1/1997,12/31/1998,06927 (1)
9/1/1985,9/30/2002,38083
10/1/2002,,6927
1/1/1960,9/30/2002,30608
10/1/2002,,6924
12/1/1993,9/30/2002,38241
10/1/2002,10/31/2005,6923
1/1/1960,9/30/1986,2625
10/1/2002,3/31/2003,6894
10/1/1999,9/30/2002,38283
11/1/1991,,9778B
10/1/2002,4/30/2008,9493P
11/1/1993,9/30/2002,9493P
10/1/2000,9/30/2002,38290
10/1/2002,12/31/2002,6959
3/1/1996,9/30/2002,38261
10/1/2002,,6819
1/1/2006,12/31/2007,6926
10/1/2002,12/31/2005,6926
10/1/2001,9/30/2002,38296
1/1/1989,9/30/2002,38156
10/1/2002,7/31/2003,6913
6/1/1981,12/31/1988,80051
1/1/1989,3/31/1992,16903
1/1/1989,3/31/1992,06903 (1)
1/1/1989,12/31/1989,06902 (1)
8/1/1994,12/31/1998,16896
8/1/1994,12/31/1998,6896
8/1/1994,12/31/1998,6895
1/1/1999,12/31/2000,16896
1/1/1999,12/31/2000,6896
1/1/2001,3/31/2007,16896
1/1/2001,3/31/2007,6896
11/1/2001,,6902
1/1/2006,6/30/2008,6903
10/1/2002,12/31/2005,6903
1/1/1960,9/30/2002,37920
4/1/2006,9/30/2006,6957
10/1/2006,12/31/2012,6957
1/1/2013,,6957
10/1/2002,3/31/2006,6957
11/1/1984,4/30/1989,16901
11/1/1984,4/30/1989,06901 (1)
11/1/1984,12/31/1988,6900
1/1/2016,,6901
9/1/1990,9/30/2002,38178
10/1/2002,12/31/2015,6901
1/1/1960,9/30/2002,30876
10/1/2002,8/31/2005,6961
1/1/1985,12/31/2001,30075
1/1/2002,9/30/2002,6962
11/1/1976,12/31/1984,7015
10/1/2002,6/30/2008,6962
7/1/1990,12/31/2000,9900H
10/1/2002,,7900L
12/1/2002,12/31/2004,7900A
4/1/1990,4/30/1990,16716
11/1/1979,12/31/1991,6716
5/1/1992,8/31/1997,9110C
1/1/2003,11/30/2003,6693
1/1/1994,12/31/2002,6693
7/1/1991,9/30/1993,9411A
10/1/1993,10/31/1997,6850
2/1/1999,12/31/2002,6850
1/1/2003,11/30/2004,6850
1/1/2006,6/30/2015,7020
1/1/1960,12/31/2002,37807
1/1/2003,12/31/2005,7020
7/1/1981,12/31/1989,90063
1/1/1999,12/31/2002,16688
1/1/1999,12/31/2002,6688
1/1/1994,12/31/1998,16688
1/1/1994,12/31/1998,6688
1/1/1994,12/31/1994,6687
1/1/2003,3/31/2008,16688
1/1/2003,3/31/2008,6688
1/1/2003,,9900Z
1/1/2003,12/31/2005,6700
7/1/2011,,11025
1/1/2006,,6700
1/1/1960,9/30/2002,30757
10/1/2002,12/31/2002,6700
4/1/1996,12/31/2002,16765
4/1/1996,12/31/2002,6765
4/1/1996,12/31/2002,6764
1/1/2003,9/30/2009,16765
1/1/2003,9/30/2009,6765
1/1/2003,9/30/2009,6764
12/1/1981,6/30/1986,16182
7/1/1981,12/31/1984,6184
7/1/1981,6/30/1986,6183
6/1/1981,6/30/1981,80019
7/1/1986,9/30/1987,16181
7/1/1986,7/31/1986,6182
7/1/1986,9/30/1987,6181
7/1/1986,7/31/2001,16180
7/1/1986,7/31/1986,6179
7/1/1986,12/31/1988,6178
1/1/2006,12/31/2008,16180
1/1/2003,12/31/2005,16180
8/1/2001,12/31/2002,16180
1/1/2009,,16180
3/1/2003,,9488C
7/1/2010,12/31/2014,16076
7/1/2010,12/31/2014,6077
7/1/2010,12/31/2014,6076
1/1/2015,6/30/2017,16076
1/1/2015,6/30/2017,6076
1/1/2003,6/30/2010,16076
1/1/2003,6/30/2010,6077
1/1/2003,6/30/2010,6076
7/1/2017,,16076
7/1/2017,,6076
2/1/2003,12/31/2008,9429G
1/1/2007,6/30/2008,16056
1/1/2007,6/30/2008,6048
3/1/2003,12/31/2006,16056
3/1/2003,12/31/2006,6048
1/1/2000,2/28/2003,16056
1/1/2000,2/28/2003,6048
10/1/1993,12/31/1999,16056
4/1/1981,9/30/1993,16055
3/1/1981,12/31/1999,6048
3/1/1981,12/31/1983,6047
11/1/2002,2/28/2003,9900W
3/1/2003,,9900W
5/1/2000,10/31/2002,9900W
1/1/1991,2/28/2003,6706
6/1/1984,12/31/1990,6706
3/1/2003,9/30/2009,6706
4/1/2003,10/31/2004,6993
1/1/2002,3/31/2003,6993
1/1/1960,12/31/2001,37930
6/1/1983,10/31/2004,6093
2/1/2001,5/31/2010,9529B
4/1/2003,1/31/2005,6976
6/1/1987,12/31/2001,38126
1/1/2002,3/31/2003,6976
4/1/2003,,6971
9/1/2000,12/31/2001,38287
1/1/2002,3/31/2003,6971
4/1/2003,,6987
6/1/1981,11/30/1983,80031
12/1/1983,12/31/2001,30449
1/1/2002,3/31/2003,6987
7/1/1981,4/30/1988,90022
4/1/2003,12/31/2014,6969
1/1/2002,3/31/2003,6969
7/1/1984,12/31/2001,38039
1/1/2015,,6969
4/1/2003,,6967
1/1/2002,3/31/2003,6967
4/1/2003,,6964
1/1/2002,3/31/2003,6964
4/1/2003,9/30/2010,6996
1/1/1985,12/31/2001,38045
1/1/2002,3/31/2003,6996
4/1/2003,7/31/2005,6990
1/1/1960,12/31/2001,37796
1/1/2002,3/31/2003,6990
4/1/2003,,6989
1/1/2002,3/31/2003,6989
6/1/1983,12/31/2001,38009
4/1/2003,12/31/2011,6982
9/1/1999,12/31/2001,38282
1/1/2002,3/31/2003,6982
1/1/1985,1/31/1987,16713
1/1/1985,1/31/1987,6801
1/1/1985,1/31/1987,6800
4/1/2003,,6995
6/1/1983,12/31/2001,38017
1/1/2002,3/31/2003,6995
4/1/2003,,6992
6/1/1985,12/31/2001,38053
1/1/2002,3/31/2003,6992
4/1/2003,2/29/2008,6994
9/1/1984,12/31/2001,38036
1/1/2002,3/31/2003,6994
3/1/1986,12/31/2001,38099
1/1/2002,3/31/2003,6965
4/1/2003,,6965
5/1/2008,,9493H
4/1/2003,4/30/2008,9493H
3/1/2000,3/31/2003,9493H
5/1/1988,2/29/2000,9493H
1/1/2006,6/30/2008,16951
1/1/2006,6/30/2008,6951
1/1/2005,12/31/2005,16951
1/1/2005,12/31/2005,6951
4/1/2003,12/31/2004,16951
4/1/2003,12/31/2004,6951
4/1/2001,5/31/2002,38293
6/1/2002,3/31/2003,16951
6/1/2002,3/31/2003,6951
4/1/2003,,6984
9/1/1986,12/31/2001,38115
1/1/2002,3/31/2003,6984
9/1/1997,12/31/2001,38269
1/1/2002,3/31/2003,6997
4/1/2013,,6997
4/1/2003,3/31/2013,6997
4/1/2003,9/30/2004,6978
3/1/1986,12/31/2001,38109
1/1/2002,3/31/2003,6978
4/1/2003,9/30/2008,6979
1/1/2002,3/31/2003,6979
1/1/2011,12/31/2015,6966
4/1/2003,12/31/2010,6966
1/1/2016,,6966
1/1/2002,3/31/2003,6966
3/1/1983,12/31/2001,38002
4/1/2003,,6019
9/1/1988,12/31/2001,38154
1/1/2002,3/31/2003,6019
4/1/2003,,6999
1/1/1960,12/31/2001,30912
1/1/2002,3/31/2003,6999
7/1/1984,12/31/1985,19741
1/1/1960,12/31/1985,9740
7/1/1984,12/31/1985,9739
4/1/1984,6/30/1986,6791
4/1/1984,6/30/1986,16700
1/1/1999,3/31/2003,16790
1/1/1999,3/31/2003,6790
1/1/1992,12/31/1998,16790
6/1/1992,12/31/1998,6790
6/1/1992,12/31/1995,6789
4/1/2003,12/31/2007,16790
4/1/2003,12/31/2007,6790
1/1/2008,12/31/2009,16790
1/1/2008,12/31/2009,6790
1/1/2010,12/31/2012,16790
1/1/2010,12/31/2012,6790
4/1/2003,12/31/2005,7900H
1/1/2002,3/31/2003,6983
1/1/1960,12/31/2001,30498
4/1/2003,,6983
7/1/1997,12/31/1999,6769
1/1/2000,9/30/2000,6769
6/1/1997,6/30/1997,6769
4/1/2003,,9337E
6/1/1993,12/31/2001,38235
1/1/2002,3/31/2003,6974
4/1/2003,9/30/2005,6974
6/1/2003,4/30/2005,9224L
6/1/2003,12/31/2008,17027
6/1/2003,12/31/2008,7027
7/1/2003,7/31/2005,7019
1/1/2016,,6973
7/1/2003,12/31/2015,6973
9/1/1998,12/31/2001,38274
1/1/2002,6/30/2003,6973
10/1/2016,,6081
7/1/2003,6/30/2014,16081
7/1/2003,6/30/2014,6081
1/1/2016,9/30/2016,6081
10/1/1979,9/30/1988,2040
8/1/1989,1/31/1997,12041
8/1/1989,1/31/1997,12040
10/1/1988,1/31/1997,2040
2/1/1997,6/30/2015,12041
2/1/1997,6/30/2015,12040
2/1/1997,6/30/2015,2040
4/1/2008,6/30/2015,11007
7/1/2003,6/30/2008,6909
3/1/1990,1/31/1994,38176
2/1/1994,9/30/2002,38176
10/1/2002,6/30/2003,6909
4/1/1992,12/31/2002,16171
4/1/1992,12/31/2002,6170
4/1/1992,12/31/2002,16170
1/1/2003,6/30/2003,16171
1/1/2003,6/30/2003,6170
1/1/2003,6/30/2003,16170
7/1/2003,12/31/2010,16171
7/1/2003,12/31/2010,6170
7/1/2003,12/31/2010,16170
1/1/2011,6/30/2012,16171
1/1/2011,6/30/2012,6170
1/1/2011,6/30/2012,16170
6/1/1981,3/31/1992,80056
9/1/1982,9/30/2002,37996
10/1/2002,6/30/2003,6932
8/1/2006,,6932
7/1/2003,7/31/2006,6932
9/1/2003,,9493T
10/1/2003,,9469D
11/1/2003,8/31/2005,6891
12/1/2003,,9713D
9/1/2002,9/30/2002,38084
10/1/2002,12/31/2003,7024
7/1/2011,7/31/2013,11027
1/1/2004,7/31/2013,7024
8/1/2013,,11027
8/1/2013,,7024
9/1/1985,8/31/2002,38084
1/1/2004,,7900Q
1/1/2004,3/31/2008,16044
1/1/2004,3/31/2008,6045
1/1/2004,3/31/2008,6044
1/1/2013,,6085
1/1/2013,,16085
1/1/2012,12/31/2012,6085
1/1/2012,12/31/2012,16085
1/1/2006,12/31/2010,6085
1/1/2006,12/31/2010,16085
7/1/1993,12/31/2005,6085
1/1/2004,12/31/2005,16085
1/1/2011,12/31/2011,6085
1/1/2011,12/31/2011,16085
1/1/1960,6/30/1993,37780
1/1/1960,9/30/2002,37722
1/1/2004,3/31/2014,6934
1/1/2016,,11024
1/1/2016,,6035
4/1/2000,12/31/2003,6035
1/1/2004,12/31/2005,6035
7/1/2011,12/31/2015,11024
1/1/2006,12/31/2015,6035
7/1/1998,3/31/2000,6035
11/1/2000,12/31/2002,6683
11/1/2000,12/31/2002,6684
1/1/2004,12/31/2011,16683
1/1/2004,12/31/2011,6683
1/1/2003,12/31/2003,16683
1/1/2003,12/31/2003,6683
1/1/2012,12/31/2014,16683
1/1/2012,12/31/2014,6683
1/1/2015,,16683
1/1/2015,,6683
11/1/1998,12/31/2000,16770 (1)
11/1/1998,12/31/2000,06774 (1)
11/1/1998,12/31/2000,6773
1/1/2001,12/31/2003,16770 (1)
1/1/2001,12/31/2003,06774 (1)
1/1/2001,12/31/2003,6773
1/1/2012,,16770
1/1/2012,,6774
1/1/2012,12/31/2013,1141
1/1/2004,12/31/2011,16770
1/1/2004,12/31/2011,6774
1/1/2004,12/31/2011,1141
1/1/2004,,7900I
1/1/1960,12/31/1980,37633
7/1/1987,12/31/1994,37633
1/1/1981,6/30/1987,6130
1/1/2004,6/30/2006,16187
1/1/2004,6/30/2006,6187
7/1/1996,12/31/2003,16187
1/1/1995,12/31/2003,6187
7/1/2006,12/31/2009,16187
7/1/2006,12/31/2009,6187
1/1/2010,12/31/2011,16187
1/1/2010,12/31/2011,6187
1/1/2004,,9493B
11/1/1988,12/31/2003,9493B
1/1/2004,9/30/2006,7053
10/1/2016,,16736
10/1/2016,,6738
1/1/2004,9/30/2016,16736
1/1/2004,9/30/2016,6738
1/1/1999,12/31/2003,16736
1/1/1999,12/31/2003,6738
4/1/1993,8/31/2000,6736
7/1/1997,9/30/2002,38029
10/1/2002,12/31/2003,6689
1/1/2004,12/31/2006,6689
3/1/1995,6/30/1997,6689
1/1/2007,12/31/2009,6689
7/1/2011,,11022
1/1/2010,,6689
9/1/1983,2/28/1995,38029
1/1/2004,9/30/2005,9790
1/1/1999,12/31/2000,9790
1/1/2001,12/31/2003,9790
1/1/1979,12/31/1998,9790
2/1/2004,10/31/2010,7900P
11/1/2010,,7900P
3/1/2004,4/30/2006,9493U
3/1/2004,12/31/2010,7025
4/1/2003,3/31/2004,6968
4/1/2004,,6968
10/1/2000,12/31/2001,38292
1/1/2002,3/31/2003,6968
1/1/1960,6/30/1986,10654
1/1/1960,12/31/1991,10653
1/1/1960,12/31/1991,10652
1/1/1960,12/31/1991,1656
7/1/1981,1/31/1994,9162B
9/1/1996,3/31/1997,6766
4/1/1997,6/30/1998,16766
4/1/1997,1/31/1998,6766
7/1/1998,9/30/1999,16752
7/1/1998,9/30/1999,6752
7/1/1998,9/30/1999,6749
10/1/1999,3/31/2004,16752
4/1/2004,12/31/2004,16749
10/1/1999,12/31/2004,6752
10/1/1999,12/31/2001,6749
1/1/1960,9/30/2002,30332
10/1/2002,12/31/2005,6935
6/1/2003,12/31/2005,7016
6/1/2004,,9486I
6/1/2004,,9636C
6/1/2004,,9678A
4/1/1992,3/31/1996,6140
12/1/2002,5/31/2004,7900K
6/1/2004,6/30/2007,7900K
7/1/1981,12/31/1989,9327E
6/1/2004,4/30/2009,9469C
7/1/2004,12/31/2005,7028
7/1/2011,6/30/2015,11030
1/1/2006,6/30/2015,7028
7/1/2015,,11030
7/1/2015,,7028
1/1/1960,9/30/2002,37884
10/1/2002,6/30/2004,7028
10/1/1991,3/31/1998,6820
7/1/2004,3/31/2014,16820
1/1/2000,3/31/2014,6820
4/1/1998,12/31/1999,6820
4/1/2014,,16820
4/1/2014,,6820
1/1/1960,9/30/1991,37775
7/1/2004,9/30/2005,16777
1/1/2000,6/30/2004,16776
1/1/2000,9/30/2005,6777
1/1/2000,9/30/2005,6776
4/1/1996,12/31/1999,16165
4/1/1996,12/31/1999,6165
4/1/1996,12/31/1999,6164
1/1/2000,6/30/2004,16165
1/1/2000,6/30/2004,6165
7/1/2004,12/31/2012,16165
7/1/2004,12/31/2012,6165
1/1/2012,,6888
8/1/2004,12/31/2011,6888
12/1/1990,9/30/2002,38191
10/1/2002,7/31/2004,6888
8/1/2004,12/31/2005,6690
8/1/2004,12/31/2005,16690
1/1/2006,,6690
1/1/2006,,16690
10/1/1991,12/31/1993,6690
10/1/1991,12/31/1993,16690
10/1/1991,12/31/1993,6691
1/1/1994,7/31/2004,6690
1/1/1994,7/31/2004,16690
3/1/1990,7/31/1990,6194
3/1/1992,12/31/2001,38219
1/1/2002,9/30/2002,6956
10/1/2004,12/31/2005,6956
10/1/2002,12/31/2002,6956
1/1/2003,9/30/2004,6956
1/1/2016,,11049
1/1/2016,,7029
10/1/2004,12/31/2007,7029
1/1/2011,12/31/2015,7029
1/1/2008,12/31/2010,7029
11/1/2004,6/30/2010,17022
11/1/2004,6/30/2010,7022
11/1/2004,6/30/2010,6041
10/1/2002,10/31/2004,17022
10/1/2002,10/31/2004,7022
10/1/2002,10/31/2004,6041
1/1/2005,3/31/2007,6943
10/1/2002,12/31/2004,6943
3/1/1997,9/30/2002,38265
7/1/2013,,6860
7/1/1995,12/31/1998,6860
1/1/1999,12/31/2004,6860
1/1/2005,6/30/2013,6860
12/1/1986,6/30/1995,38125
1/1/2005,,16673
1/1/2005,,6673
4/1/2004,12/31/2004,16673
2/1/2000,12/31/2004,6673
1/1/2005,,7900M
10/1/2002,12/31/2004,6899
1/1/2005,3/31/2005,6899
3/1/1995,2/28/1999,6733
4/1/2003,12/31/2004,6972
1/1/2005,6/30/2007,6972
6/1/1988,12/31/2001,38148
1/1/2002,3/31/2003,6972
9/1/1985,6/30/1990,38076
7/1/1990,9/30/1999,16194
7/1/1990,9/30/1999,6196
10/1/1999,3/31/2013,16194
10/1/1999,3/31/2013,6196
1/1/2005,6/30/2014,16730
1/1/2005,6/30/2014,6730
1/1/2003,12/31/2004,16730
1/1/2003,12/31/2004,6730
6/1/2000,12/31/2002,16730
1/1/1990,12/31/2002,6730
1/1/1999,12/31/2012,6830
1/1/2005,12/31/2012,16831
7/1/1992,12/31/1998,6830
1/1/2013,,6830
1/1/2013,,16831
1/1/1960,4/30/2000,37671
7/1/2011,9/30/2012,11026
1/1/2011,9/30/2012,6186
1/1/2005,12/31/2010,6186
5/1/2000,12/31/2004,6186
1/1/1960,9/30/2002,30338
10/1/2002,7/31/2004,6947
7/1/2012,12/31/2014,11035
7/1/2012,12/31/2014,6947
8/1/2004,6/30/2012,6947
7/1/1990,12/31/1991,9153A
10/1/1993,7/31/1994,16038
10/1/1993,7/31/1994,06038 (1)
10/1/1993,7/31/1994,6037
6/1/1992,9/30/1993,16038
6/1/1992,9/30/1993,06038 (1)
6/1/1992,9/30/1993,6037
1/1/2008,12/31/2008,16039
1/1/2008,12/31/2008,6039
1/1/2008,12/31/2008,6038
11/1/2002,12/31/2007,16039
11/1/2002,12/31/2007,6039
11/1/2002,12/31/2007,6038
1/1/2012,12/31/2013,16039
1/1/2012,12/31/2013,6039
1/1/2009,12/31/2011,16039
1/1/2009,12/31/2011,6039
1/1/2009,12/31/2011,6038
1/1/2005,,16795
1/1/2005,,6795
7/1/1999,12/31/2002,16795
7/1/1999,12/31/2002,6795
1/1/2004,12/31/2004,16795
1/1/2003,12/31/2003,16795
1/1/2003,12/31/2004,6795
2/1/1983,6/30/1999,16795
1/1/1983,6/30/1999,6795
1/1/1983,12/31/1984,6794
1/1/2005,3/31/2012,16921
1/1/2005,3/31/2012,6921
4/1/2003,12/31/2004,16921
4/1/2003,12/31/2004,6921
12/1/2001,3/31/2003,16921
12/1/2001,3/31/2003,6921
1/1/2002,9/30/2002,6942
9/1/1995,12/31/2001,38257
1/1/2005,9/30/2008,6942
10/1/2002,12/31/2004,6942
10/1/2008,,6942
6/1/1994,10/31/1996,16919
6/1/1994,10/31/1996,6919
6/1/1994,10/31/1996,06918 (1)
1/1/1960,9/30/2002,30890
10/1/2002,,7023
4/1/2005,3/31/2015,6918
4/1/2015,,6918
1/1/1960,9/30/2002,30491
10/1/2002,3/31/2005,6918
3/1/1994,9/30/2002,9475B
10/1/2002,,9475B
4/1/2005,,91482
4/1/2005,,91484
4/1/2005,,7148B
4/1/2005,,7148C
4/1/2005,,7148D
4/1/2005,,7148E
1/1/1960,8/31/1986,2330
1/1/2007,,16461
1/1/2007,,6460
1/1/2005,12/31/2006,16461
12/1/2002,12/31/2004,16460
1/1/1998,12/31/2006,6460
7/1/1994,12/31/1997,6460
4/1/2005,12/31/2005,16030
5/1/1998,12/31/2005,6030
9/1/1994,4/30/1998,6030
1/1/2006,12/31/2014,16030
1/1/2006,12/31/2014,6030
10/1/1994,10/31/1997,9900U
4/1/2005,12/31/2015,7030
7/1/1981,5/31/1996,9327C
3/1/2000,12/31/2000,6694
4/1/2005,,9316G
4/1/2005,8/31/2007,6981
10/1/2003,3/31/2005,6981
9/1/2007,,6981
3/1/1999,12/31/2001,38279
1/1/2002,9/30/2003,6981
5/1/2005,8/31/2008,9493V
7/1/2005,,6944
9/1/1989,9/30/2002,38164
10/1/2002,6/30/2005,6944
7/1/2005,,9148I
2/1/1992,9/30/1992,9148I
10/1/1992,6/30/2005,9148I
12/1/1994,12/31/1996,16917
12/1/1994,12/31/1996,06911 (1)
1/1/2000,12/31/2002,16917
1/1/2000,12/31/2002,6912
1/1/2003,12/31/2006,16917
1/1/2003,12/31/2006,6912
1/1/1997,12/31/1999,16917
1/1/1997,12/31/1999,06911 (1)
1/1/2007,12/31/2009,16917
1/1/2007,12/31/2009,6912
1/1/2010,12/31/2010,16917
1/1/2010,12/31/2010,6912
1/1/2011,,16917
1/1/2011,,6912
7/1/2005,12/31/2008,6911
1/1/2009,12/31/2016,6911
12/1/1998,9/30/2002,38277
10/1/2002,6/30/2005,6911
7/1/2005,,9427I
8/1/2005,12/31/2006,16006
8/1/2005,12/31/2006,6006
8/1/2005,12/31/2006,6004
1/1/2007,9/30/2008,16006
1/1/2007,9/30/2008,6006
1/1/2007,9/30/2008,6004
8/1/2005,,9746B
7/1/2011,,11038
7/1/2011,,11029
10/1/2009,,6003
1/1/2009,9/30/2009,6003
1/1/2006,12/31/2008,6003
9/1/2005,12/31/2005,6003
1/1/2005,9/30/2005,80006
4/1/2004,12/31/2004,80006
10/1/2005,12/31/2010,80006
5/1/2009,12/31/2010,11009
10/1/2010,12/31/2010,11018
1/1/2011,,80006
1/1/2011,,11009
1/1/2011,,11018
6/1/1981,3/31/2004,80006
10/1/2005,12/31/2006,16211
1/1/2007,6/30/2008,16211
4/1/2003,9/30/2005,6985
1/1/2007,,6985
3/1/1994,12/31/2001,38245
1/1/2002,3/31/2003,6985
10/1/2005,12/31/2006,6985
1/1/1992,11/30/2001,9493N
1/1/2008,,7041
9/1/2005,12/31/2007,7041
1/1/2004,,9900X
1/1/2007,12/31/2007,7050
11/1/2005,12/31/2006,7050
11/1/2005,12/31/2006,17050
1/1/2007,12/31/2007,17051
1/1/2007,12/31/2007,17050
11/1/2005,12/31/2006,17051
8/1/2005,7/31/2013,10004
9/1/2005,,10005
10/1/2005,3/31/2016,1100
4/1/2016,,1100
1/1/2005,,1113
12/1/2005,,71002
2/1/2006,,71003
5/1/2006,,71004
1/1/2006,,71005
2/1/2007,,71006
1/1/2004,1/31/2007,71006
4/1/2006,12/31/2007,1124
4/1/2006,12/31/2007,11005
5/1/2006,,71007
7/1/2006,,71008
8/1/2006,,1126
8/1/2006,,71009
3/1/2006,3/31/2010,1127
10/1/2006,2/29/2012,71010
12/1/2006,,71011
10/1/2006,,71013
12/1/2006,,1129
1/1/2007,,71014
12/1/2006,,71015
10/1/2006,,71016
1/1/2007,,71017
10/1/2006,,71018
2/1/2007,,71019
1/1/2007,,71020
2/1/2007,,71021
1/1/2007,,71022
2/1/2007,,71024
1/1/2007,,71025
2/1/2007,2/29/2012,71026
5/1/2007,,71029
5/1/2007,,71031
1/1/2009,12/31/2015,1130
1/1/2016,,1130
11/1/2006,12/31/2008,1130
1/1/2010,,1131
1/1/2010,,11015
5/1/2007,12/31/2009,1131
10/1/2009,12/31/2009,11015
7/1/2007,12/31/2008,1006
1/1/2009,12/31/2012,1006
12/1/2010,12/31/2012,11020
1/1/2013,,1006
1/1/2013,,11020
5/1/2007,6/30/2008,1133
5/1/2007,3/31/2010,71032
4/1/2007,,71033
1/1/2006,6/30/2010,71034
9/1/2007,,71035
3/1/2007,,71036
11/1/2007,,71037
9/1/2007,12/31/2016,1136
1/1/2007,,71038
12/1/2007,12/31/2007,1139
10/1/2009,3/31/2011,1139
1/1/2008,9/30/2009,1139
12/1/2007,8/31/2014,71039
3/1/2008,,71040
9/1/2007,,71041
1/1/2015,9/30/2015,1142
1/1/2015,9/30/2015,11021
4/1/2008,6/30/2009,1142
1/1/2011,12/31/2014,1142
7/1/2011,12/31/2014,11021
7/1/2009,12/31/2010,1142
1/1/2013,,1143
10/1/2006,12/31/2012,1143
2/1/2008,,71043
1/1/2007,,71044
6/1/2008,,1145
1/1/2007,,71047
1/1/2007,,71048
6/1/2007,,71049
6/1/2006,,71050
6/1/2008,,71051
4/1/2008,,71053
6/1/2008,4/30/2009,71056
7/1/2008,,71059
6/1/2008,5/31/2010,71060
1/1/2008,,71052
10/1/2006,,71062
1/1/2006,,71063
7/1/2008,6/30/2009,1148
10/1/2008,12/1/2013,71065
4/1/2008,,71067
6/1/2008,5/31/2011,71068
1/1/2009,,71069
1/1/2008,,71070
5/1/2009,,71071
7/1/2009,,71072
7/1/2009,,1150
10/1/2006,,71073
6/1/2009,,71074
6/1/2009,,71075
10/1/2002,,71077
4/1/2009,,71078
1/1/2009,,71080
10/1/2009,12/31/2009,1151
1/1/2010,,1151
1/1/2009,,71082
4/1/2009,,1155
4/1/2009,,11017
4/1/2009,,1154
5/1/2010,,71083
4/1/2010,,71084
10/1/2008,9/30/2010,71085
10/1/2010,,71085
4/1/2010,,71086
11/1/2009,,71087
4/1/2010,,71089
5/1/2009,,71090
7/1/2010,,71091
6/1/2010,5/31/2012,71092
6/1/2012,,71092
1/1/2010,,71093
11/1/2010,7/31/2014,71094
1/1/2010,10/31/2010,71094
1/1/2010,,71095
1/1/2010,,71096
8/1/2010,,71098
9/1/2010,,71099
11/1/2009,,71100
11/1/2009,,71101
4/1/2010,3/31/2015,1158
4/1/2015,,1158
10/1/2010,,71102
1/1/2016,,11019
1/1/2016,,1159
10/1/2010,12/31/2015,11019
10/1/2010,12/31/2015,1159
10/1/2010,12/31/2015,1164
11/1/2010,,1161
12/1/2007,5/31/2012,71103
4/1/2009,,71104
3/1/2011,,1162
1/1/2011,9/30/2012,1163
8/1/2011,,71106
10/1/2007,,71107
9/1/2011,,71109
9/1/2011,,71110
10/1/2011,,71111
5/1/2011,,71112
11/1/2011,,71113
6/1/2012,,71114
1/1/2013,,71123
3/1/2016,,71124
5/1/2007,2/29/2016,71124
4/1/2014,,1169
4/1/2012,,71116
7/1/2012,,71125
7/1/2013,,81003
7/1/2013,,81002
7/1/2013,,81001
12/1/2011,,71118
5/1/2013,,71127
5/1/2013,,71128
9/1/2013,,1173
9/1/2013,,71129
7/1/2012,9/30/2012,1165
9/1/2013,,71131
9/1/2012,,71119
10/1/2015,,1175
10/1/2013,9/30/2015,1175
1/1/2014,,1176
10/1/2012,,71120
5/1/2014,,71134
1/1/2014,,1177
1/1/2014,,71135
12/1/2012,,71136
12/1/2012,,71121
1/1/2014,,71138
10/1/2013,,71139
5/1/2011,,71140
1/1/2013,,1166
10/1/2011,12/31/2012,1166
10/1/2012,,1167
1/1/2012,,1180
1/1/2013,,1168
6/1/2012,12/31/2012,1168
1/1/2012,,71141
11/1/2008,,71142
7/1/2014,,71143
7/1/2014,,11042
7/1/2014,,1183
9/1/2014,,71144
4/1/2014,3/31/2017,1185
4/1/2014,3/31/2017,1184
4/1/2014,3/31/2017,11043
4/1/2008,,1146
1/1/2016,6/30/2016,1189
4/1/2014,12/31/2015,1189
7/1/2016,,1189
1/1/2015,,1190
12/1/2014,,71145
7/1/2015,,11044
7/1/2015,,1192
1/1/2015,6/30/2015,11044
1/1/2015,6/30/2015,1192
12/1/2014,,71146
6/1/2015,,71147
4/1/2015,,71148
7/1/2015,,11045
7/1/2015,,1193
4/1/2015,,71149
7/1/2015,,11046
7/1/2015,,1194
7/1/2015,,1195
3/1/2015,,1196
7/1/2010,,71150
11/1/2015,,71151
7/1/2015,,71153
9/1/2015,,71154
9/1/2015,,71156
10/1/2015,,1198
12/1/2015,,71157
4/1/2014,,71159
10/1/2015,,1199
8/1/2014,,71160
3/1/2016,,71161
9/1/2014,,71164
10/1/2015,,71165
5/1/2015,,71166
11/1/2013,,71167
3/1/2016,,71168
5/1/2016,,71169
4/1/2016,,11047
4/1/2016,,1200
4/1/2016,,1201
4/1/2016,,1202
6/1/2016,,71170
6/1/2016,,71171
4/1/2005,,71172
6/1/2016,,71173
7/1/2016,,1203
7/1/2016,,1205
9/1/2016,,71174
7/1/2016,,1207
7/1/2016,,11050
7/1/2016,,1206
7/1/2015,,71176
7/1/2016,,1209
9/1/2016,,71178
6/1/2016,,71179
11/1/2016,,71181
10/1/2016,,71182
12/1/2016,,71183
4/1/2017,,1210
12/1/2016,,71184
7/1/2017,,1212
6/1/2017,,71185
6/1/2017,,71187
4/1/2017,,1216
7/1/2017,,1223
7/1/2017,,11052
7/1/2017,,1221
11/1/2017,,71189
