UNIQUE_CARRIER_ENTITY,WAC,CARRIER_GROUP
30550,10,1
4530,10,1
30337,10,1
37760,10,1
30012,10,1
30474,10,1
30657,10,1
30780,10,1
30795,10,1
37868,10,1
37895,10,1
30911,10,1
30159,10,1
30336,10,1
30552,10,1
30297,10,1
37612,10,1
37817,10,1
30770,10,1
30126,10,1
30500,10,1
37637,10,1
37994,10,1
30342,10,1
30580,10,1
37762,10,1
30682,10,1
30560,10,1
30715,10,1
30353,10,1
30352,10,1
37763,10,1
37888,10,1
30670,10,1
10025,10,1
37887,10,1
37849,10,1
37899,10,1
37944,10,1
30861,10,1
30201,10,1
37700,10,1
37724,10,1
37793,10,1
37747,10,1
37942,10,1
37680,10,1
37701,10,1
37885,10,1
37731,10,1
37953,10,1
37782,10,1
37652,10,1
37744,10,1
37915,10,1
37874,10,1
37933,10,1
30145,10,1
37703,10,1
30072,10,1
37765,10,1
37910,10,1
30139,10,1
37886,10,1
37752,10,1
37772,10,1
37656,10,1
37710,10,1
30089,10,1
30446,10,1
37950,10,1
37940,10,1
30217,10,1
37929,10,1
37938,10,1
30228,10,1
37681,10,1
37956,10,1
30187,10,1
30153,10,1
37821,10,1
30237,10,1
37740,10,1
37905,10,1
37789,10,1
37757,10,1
30022,10,1
37948,10,1
37667,10,1
30251,10,1
30243,10,1
30278,10,1
37818,10,1
37711,10,1
37819,10,1
37669,10,1
37826,10,1
37844,10,1
30260,10,1
37859,10,1
37907,10,1
37768,10,1
37923,10,1
30266,10,1
30275,10,1
37743,10,1
37813,10,1
37785,10,1
37832,10,1
30323,10,1
37784,10,1
37908,10,1
37937,10,1
37792,10,1
37872,10,1
30284,10,1
37689,10,1
37957,10,1
37708,10,1
37943,10,1
37967,10,1
37916,10,1
37880,10,1
37806,10,1
37831,10,1
37707,10,1
30339,10,1
37801,10,1
30287,10,1
37704,10,1
30357,10,1
37672,10,1
30372,10,1
37696,10,1
30327,10,1
37709,10,1
37773,10,1
30321,10,1
37882,10,1
30397,10,1
37812,10,1
37919,10,1
37879,10,1
37788,10,1
37814,10,1
37853,10,1
37865,10,1
30402,10,1
37851,10,1
37692,10,1
37770,10,1
37658,10,1
37778,10,1
37751,10,1
30412,10,1
37931,10,1
37840,10,1
37961,10,1
37901,10,1
37823,10,1
37914,10,1
30438,10,1
37830,10,1
37653,10,1
37730,10,1
30447,10,1
37678,10,1
37781,10,1
30453,10,1
37867,10,1
37726,10,1
37856,10,1
30450,10,1
37745,10,1
37790,10,1
37852,10,1
30477,10,1
37769,10,1
30484,10,1
37794,10,1
30686,10,1
30501,10,1
37632,10,1
30595,10,1
37787,10,1
30496,10,1
30215,10,1
30495,10,1
30710,10,1
30497,10,1
37774,10,1
30502,10,1
37783,10,1
37834,10,1
37748,10,1
37753,10,1
37736,10,1
30754,10,1
37767,10,1
37848,10,1
37838,10,1
37798,10,1
30528,10,1
30394,10,1
37635,10,1
37946,10,1
30541,10,1
30533,10,1
37873,10,1
30567,10,1
37723,10,1
37829,10,1
37694,10,1
37786,10,1
37845,10,1
37958,10,1
37951,10,1
37815,10,1
37883,10,1
37684,10,1
30590,10,1
30382,10,1
30564,10,1
37949,10,1
37750,10,1
30561,10,1
30604,10,1
30609,10,1
37712,10,1
30610,10,1
37841,10,1
37739,10,1
37816,10,1
30614,10,1
30616,10,1
37718,10,1
37911,10,1
30623,10,1
37904,10,1
37909,10,1
37891,10,1
30362,10,1
37854,10,1
37893,10,1
30262,10,1
30629,10,1
37804,10,1
30661,10,1
37936,10,1
37666,10,1
30628,10,1
30643,10,1
37959,10,1
30641,10,1
37932,10,1
37670,10,1
37926,10,1
30653,10,1
37702,10,1
37676,10,1
30649,10,1
37954,10,1
37833,10,1
37717,10,1
37934,10,1
30655,10,1
30258,10,1
37800,10,1
37810,10,1
37835,10,1
30694,10,1
37921,10,1
37697,10,1
30678,10,1
30664,10,1
37828,10,1
37839,10,1
37917,10,1
30254,10,1
37955,10,1
37925,10,1
37935,10,1
37892,10,1
37738,10,1
30674,10,1
37714,10,1
37820,10,1
37824,10,1
30720,10,1
37871,10,1
37866,10,1
37777,10,1
30725,10,1
37690,10,1
37913,10,1
30705,10,1
37802,10,1
30426,10,1
37918,10,1
30208,10,1
30735,10,1
30767,10,1
37682,10,1
30786,10,1
30771,10,1
37855,10,1
37928,10,1
30709,10,1
37952,10,1
30779,10,1
37875,10,1
37797,10,1
37864,10,1
37897,10,1
37870,10,1
37713,10,1
37699,10,1
37729,10,1
37734,10,1
37927,10,1
37837,10,1
37941,10,1
37759,10,1
37912,10,1
37922,10,1
37857,10,1
37860,10,1
30815,10,1
37809,10,1
37715,10,1
37847,10,1
37795,10,1
30859,10,1
37741,10,1
37677,10,1
37939,10,1
30885,10,1
37898,10,1
37799,10,1
37735,10,1
37808,10,1
37846,10,1
37766,10,1
37881,10,1
37903,10,1
30921,10,1
37761,10,1
37843,10,1
37691,10,1
30554,10,1
30013,10,1
30920,10,1
30755,10,1
37876,10,1
4720,10,1
11010,10,3
10601,10,3
10600,10,3
1600,10,3
4590,10,2
38023,10,1
16016,10,3
16015,10,3
6015,10,3
6010,10,3
6720,10,3
19752,10,1
9750,10,1
9749,10,1
11033,10,3
6725,10,3
6705,10,1
30676,10,1
7040,10,1
2750,10,3
37971,10,1
6719,10,3
16203,10,1
6535,10,1
6534,10,1
6185,10,1
16650,10,2
6740,10,2
16008,10,1
6008,10,1
6007,10,1
80001,10,7
80020,10,7
80052,10,7
80007,10,7
80010,10,7
80014,10,7
80023,10,7
80049,10,7
80026,10,7
80028,10,7
80027,10,7
80044,10,7
80033,10,7
80005,10,7
80048,10,7
80003,10,7
80004,10,7
80017,10,7
80038,10,7
80055,10,7
80045,10,7
80016,10,7
80034,10,7
80002,10,7
80008,10,7
80030,10,7
80046,10,7
80021,10,7
80042,10,7
80057,10,7
80022,10,7
80009,10,7
80011,10,7
80012,10,7
80015,10,7
80018,10,7
80025,10,7
80036,10,7
80037,10,7
80043,10,7
80047,10,7
80039,10,7
80054,10,7
16151,10,2
16150,10,2
6150,10,2
90004,900,0
9224F,224,0
90008,900,0
90009,900,0
90154,482,0
90165,282,0
90024,482,0
90031,493,0
9419B,419,0
90034,224,0
90035,205,0
90037,900,0
90040,900,0
90043,900,0
90047,900,0
9303D,303,0
90050,461,0
90052,439,0
90053,493,0
90054,441,0
90055,632,0
90056,900,0
90059,900,0
90061,493,0
90065,900,0
90070,206,0
90078,900,0
90079,403,0
90082,832,0
90085,900,0
90087,900,0
90088,900,0
90089,900,0
90090,900,0
90091,804,0
90097,900,0
90099,900,0
9900M,900,0
90105,900,0
90106,900,0
90107,900,0
90109,676,0
9303B,303,0
90117,493,0
90121,900,0
90127,900,0
90128,106,0
90129,900,0
90136,647,0
90140,282,0
90141,766,0
90145,900,0
90146,900,0
90147,900,0
90148,273,0
80050,10,7
90151,900,0
9493A,493,0
9900N,900,0
9480A,497,0
9427E,427,0
9238A,238,0
9131A,131,0
9419C,419,0
9118A,118,0
9312B,312,0
9368B,368,0
9224G,224,0
9555A,555,0
9365A,365,0
9429B,429,0
9388B,388,0
9337B,337,0
9368C,368,0
9127B,127,0
9900F,900,0
9350A,350,0
9206A,206,0
9845A,845,0
9368A,368,0
9486A,486,0
9409A,409,0
9533A,533,0
9900A,900,0
9427B,427,0
9733A,733,0
9733B,733,0
9148B,148,0
9303A,303,0
9548A,548,0
9327A,327,0
9425A,425,0
9450A,450,0
9493E,493,0
9493F,493,0
9280A,280,0
9713A,713,0
9781A,781,0
9454A,454,0
9439A,439,0
9482B,482,0
9736B,736,0
9243A,243,0
9778A,778,0
9461A,461,0
9324B,324,0
9312A,312,0
9429D,429,0
9467A,467,0
9110A,110,0
9429E,429,0
9636A,636,0
9148C,148,0
9900J,900,0
9433A,433,0
9892A,892,0
9764A,764,0
9766A,766,0
9379A,379,0
9802A,802,0
9316B,316,0
9639A,639,0
9473A,473,0
9562A,562,0
9484B,484,0
9776A,776,0
9475A,475,0
9475B,489,0
9118B,118,0
9782A,782,0
9469A,469,0
9204A,204,0
6708,10,2
9493I,493,0
9324A,324,0
37963,10,1
37964,10,1
37966,10,1
37965,10,1
37968,10,1
37962,10,1
16710,10,1
6726,10,1
6723,10,1
37982,10,1
37985,10,1
37980,10,1
37978,10,1
37984,10,1
37975,10,1
37973,10,1
37972,10,1
37986,10,1
37983,10,1
37970,10,1
37974,10,1
37981,10,1
37977,10,1
16210,10,1
6570,10,1
6745,10,1
6709,10,1
37988,10,1
37989,10,1
37987,10,1
19323,10,3
19322,10,3
19321,10,3
9320,10,3
90094,368,0
6195,10,1
37990,10,1
6743,10,1
16230,10,1
6676,10,1
6675,10,1
9337A,337,0
16059,10,1
6058,10,1
6057,10,1
9644A,644,0
37993,10,1
37992,10,1
38005,10,1
9441A,441,0
90162,388,0
90166,900,0
9441B,441,0
9670A,670,0
80060,10,7
80059,10,7
9419A,419,0
38003,10,1
37998,10,1
37999,10,1
37969,10,1
38000,10,1
38015,10,1
90170,162,0
9429C,429,0
6014,10,1
9647A,647,0
38010,10,1
30475,10,1
37997,10,1
38016,10,1
38004,10,1
38001,10,1
38006,10,1
16034,10,1
6034,10,1
6033,10,1
16013,10,1
16250,10,1
6678,10,1
6677,10,1
38012,10,1
30131,10,1
30005,10,1
38008,10,1
38014,10,1
16025,10,1
6025,10,1
38019,10,1
38026,10,1
38021,10,1
38018,10,1
6889,10,1
16890,10,1
6890,10,1
38007,10,1
16202,10,1
6501,10,1
6500,10,1
6630,10,1
9316A,316,0
80062,10,7
80061,10,7
38020,10,1
38027,10,1
38022,10,1
6206,10,1
90176,450,0
4350,10,2
9824A,824,0
38035,10,1
38031,10,1
38028,10,1
38033,10,1
38030,10,1
16136,10,1
6137,10,1
6136,10,1
15045,10,2
5045,10,2
38040,10,1
38038,10,1
38041,10,1
9493K,493,0
16020,10,1
6023,10,1
6022,10,1
16212,10,1
6611,10,1
6610,10,1
16002,10,1
6002,10,1
6001,10,1
38037,10,1
37960,10,1
6580,10,2
11023,10,2
6707,10,1
9276A,276,0
15375,10,2
5375,10,2
80063,10,7
38042,10,1
38046,10,1
38043,10,1
38044,10,1
6788,10,1
30690,10,1
9900P,900,0
9427A,427,0
16703,10,1
38050,10,1
38052,10,1
90182,238,0
38054,10,1
10221,10,3
10220,10,3
10219,10,3
1220,10,3
16590,10,1
6625,10,1
6624,10,1
80035,10,7
38058,10,1
10285,10,3
10284,10,3
0A285,10,3
38047,10,1
38080,10,1
38048,10,1
38071,10,1
38073,10,1
38065,10,1
38063,10,1
38068,10,1
38057,10,1
38074,10,1
38062,10,1
38070,10,1
38078,10,1
38061,10,1
38069,10,1
38059,10,1
38072,10,1
38064,10,1
38079,10,1
6805,10,1
9281A,281,0
38055,10,1
6770,10,1
38056,10,1
38097,10,1
38067,10,1
38081,10,1
38075,10,1
38111,10,1
38095,10,1
38060,10,1
38082,10,1
38077,10,1
38066,10,1
38024,10,1
16080,10,1
6080,10,1
16675,10,1
6756,10,1
6759,10,1
9205A,205,0
9832A,832,0
9591A,591,0
38086,10,1
16204,10,1
6203,10,1
6202,10,1
38085,10,1
90191,900,0
38087,10,1
38094,10,1
38093,10,1
38089,10,1
38098,10,1
38091,10,1
38088,10,1
38090,10,1
37836,10,1
6012,10,1
90150,327,0
38108,10,1
38114,10,1
38107,10,1
38102,10,1
38106,10,1
38104,10,1
38103,10,1
38105,10,1
9162C,162,0
9591B,591,0
38100,10,1
80067,10,7
38113,10,1
38112,10,1
6785,10,1
6021,10,1
30090,10,1
9388A,388,0
9729A,729,0
38116,10,1
38110,10,1
38119,10,1
38117,10,1
38051,10,1
38120,10,1
6550,10,1
6549,10,1
38101,10,1
16027,10,1
6027,10,1
6026,10,1
9316C,316,0
10262,10,3
10261,10,3
10260,10,3
1260,10,3
9736A,736,0
80068,10,7
9493C,493,0
38123,10,1
9749A,749,0
6722,10,1
30645,10,1
16199,10,1
6201,10,1
16640,10,1
6728,10,1
6727,10,1
9900K,900,0
38121,10,1
38124,10,1
38122,10,1
90197,900,0
9507A,507,0
10052,10,3
10050,10,3
10049,10,3
0A050,10,3
9900B,900,0
38127,10,1
9106A,106,0
90201,900,0
6710,10,1
37889,10,1
90013,162,0
16702,10,1
6702,10,1
6701,10,1
38134,10,1
37979,10,1
38128,10,1
38131,10,1
38133,10,1
38129,10,1
38132,10,1
38130,10,1
9679A,679,0
12681,10,3
12680,10,3
2680,10,3
80069,10,7
9238B,238,0
38149,10,1
80070,10,7
38137,10,1
16876,10,1
16875,10,1
6880,10,1
6879,10,1
9900O,900,0
9736D,736,0
38136,10,1
38138,10,1
38140,10,1
38135,10,1
38144,10,1
38096,10,1
38157,10,1
38139,10,1
9337D,337,0
9224B,224,0
6906,10,1
6905,10,1
90188,273,0
38169,10,1
38143,10,1
38142,10,1
38146,10,1
38147,10,1
38141,10,1
38145,10,1
38153,10,1
9597A,597,0
9486B,486,0
38151,10,1
38152,10,1
9900D,900,0
9427C,427,0
9634A,634,0
9493J,493,0
90225,900,0
9148D,148,0
90232,900,0
9127A,127,0
9224D,224,0
2849,10,3
9238C,238,0
90226,900,0
9736C,736,0
38158,10,1
9493D,493,0
38160,10,1
38162,10,1
38161,10,1
9403A,403,0
16029,10,2
16028,10,2
6029,10,2
6028,10,2
9148A,148,0
38165,10,1
80072,10,7
30411,10,1
38167,10,1
38168,10,1
38170,10,1
38166,10,1
9493L,493,0
16883,10,1
6883,10,1
16915,10,1
6915,10,1
9277B,277,0
9110B,110,0
90133,388,0
9388K,388,0
9388G,388,0
9118C,118,0
9148E,148,0
9327B,327,0
9388D,388,0
9388C,388,0
9324C,324,0
9127C,127,0
16018,10,2
6018,10,2
9729B,729,0
9844A,844,0
16111,10,1
6111,10,1
6110,10,1
16950,10,1
80058,10,7
38173,10,1
38172,10,1
38174,10,1
38177,10,1
38175,10,1
38171,10,1
9409B,409,0
9388E,388,0
9277A,277,0
9233A,233,0
9106B,106,0
9427G,427,0
38204,10,1
9385A,385,0
16913,10,3
16912,10,3
16911,10,3
16910,10,3
6910,10,3
80053,10,7
38179,10,1
38205,10,1
38181,10,1
38184,10,1
38180,10,1
38182,10,1
38187,10,1
38188,10,1
38183,10,1
9385B,385,0
9153B,153,0
38195,10,1
16031,10,3
6031,10,3
9275A,275,0
9224E,224,0
9851A,851,0
9493M,493,0
38189,10,1
38190,10,1
38193,10,1
38194,10,1
38192,10,1
9388J,388,0
9427H,427,0
9388F,388,0
38199,10,1
38203,10,1
38198,10,1
38197,10,1
38202,10,1
38200,10,1
9403B,403,0
19757,10,1
19756,10,1
19755,10,1
9755,10,1
9754,10,1
6120,10,1
16664,10,1
6751,10,1
6748,10,1
16665,10,1
9327D,327,0
9736E,736,0
9565A,565,0
9388I,388,0
6711,10,1
9713B,713,0
38201,10,1
38206,10,1
9900C,900,0
80013,10,7
9736F,736,0
38210,10,1
38208,10,1
38209,10,1
38220,10,1
38212,10,1
16620,10,1
6620,10,1
6619,10,1
38186,10,1
38224,10,1
16092,10,1
6092,10,1
6091,10,1
9224I,224,0
90114,385,0
9385C,385,0
7900G,900,0
10877,10,3
10876,10,3
10874,10,3
0A875,10,3
38217,10,1
38218,10,1
38223,10,1
16755,10,1
6755,10,1
6754,10,1
16907,10,2
6907,10,2
16280,10,1
6685,10,1
16281,10,1
9441C,441,0
9281B,281,0
90020,281,0
38228,10,1
38226,10,1
38221,10,1
38225,10,1
16049,10,3
16048,10,3
6049,10,3
9224H,224,0
16054,10,1
6054,10,1
6053,10,1
6775,10,2
9327F,327,0
9153C,153,0
6670,10,1
6798,10,1
30845,10,1
16715,10,1
30766,10,1
9484D,484,0
9127D,127,0
16695,10,2
6695,10,2
9411B,411,0
9493G,493,0
9781B,781,0
16160,10,1
6160,10,1
6159,10,1
16087,10,2
6087,10,2
6086,10,2
38229,10,1
38231,10,1
9327G,327,0
38232,10,1
38230,10,1
38227,10,1
16893,10,1
6893,10,1
6892,10,1
9368D,368,0
9148L,148,0
16192,10,2
9388L,388,0
16762,10,2
6762,10,2
6761,10,2
16270,10,1
6280,10,1
6279,10,1
37758,10,1
9493O,493,0
9437A,437,0
9148K,148,0
9327H,327,0
9148M,148,0
9482D,482,0
9224A,224,0
9148F,148,0
9385D,385,0
16670,10,3
6750,10,3
9450B,450,0
6908,10,1
9162A,162,0
38236,10,1
38234,10,1
38238,10,1
38242,10,1
38237,10,1
38233,10,1
38239,10,1
19767,10,2
19765,10,2
9786,10,2
9488A,488,0
9148O,148,0
9703A,703,0
30124,10,1
6020,10,2
6024,10,2
38246,10,1
38243,10,1
10930,10,3
1930,10,3
16947,10,1
16946,10,1
6946,10,1
6945,10,1
16916,10,1
6916,10,1
9409C,409,0
9148N,148,0
16561,10,1
6561,10,1
6560,10,1
9605A,605,0
9206B,206,0
16208,10,2
16201,10,2
6198,10,2
6197,10,2
90044,821,0
9821A,821,0
6032,10,1
38213,10,1
38248,10,1
38250,10,1
9529A,529,0
9900T,900,0
9900R,900,0
38249,10,1
38251,10,1
38252,10,1
38159,10,1
6540,10,1
9900S,900,0
9484A,484,0
9419D,419,0
16772,10,1
6772,10,1
6771,10,1
9224C,224,0
38255,10,1
9238E,238,0
6922,10,2
9316D,316,0
9788A,788,0
38253,10,1
38256,10,1
38254,10,1
6075,10,1
37991,10,1
9148P,148,0
6898,10,1
38258,10,1
16881,10,2
16880,10,2
6855,10,2
9303C,303,0
9900V,900,0
9770A,770,0
38259,10,1
6175,10,1
6680,10,1
16932,10,2
16931,10,2
16930,10,2
6930,10,2
6929,10,2
9148Q,148,0
6753,10,1
38260,10,1
16697,10,1
6697,10,1
6696,10,1
16759,10,2
16758,10,2
16757,10,2
6758,10,2
90119,900,0
16825,10,1
6825,10,1
6824,10,1
9475D,475,0
9475C,475,0
9337C,337,0
16853,10,1
6853,10,1
6852,10,1
80029,10,7
16197,10,3
16196,10,3
16195,10,3
6200,10,3
6721,1,1
11041,1,1
80041,1,7
9484C,484,0
9488B,488,0
9162D,162,0
38263,10,1
38262,10,1
9259B,259,0
30018,10,1
9900E,900,0
9409D,409,0
30047,10,1
6013,10,1
9482A,482,0
9429A,429,0
9224J,224,0
38264,10,1
9148H,148,0
9409E,409,0
16768,10,1
6768,10,1
6767,10,1
90045,493,0
9204B,204,0
9493Q,493,0
16792,10,1
6802,10,1
6799,10,1
38267,10,1
38266,10,1
30312,10,1
6180,10,1
9713C,713,0
9243B,243,0
38270,10,1
9770B,770,0
6734,10,1
9482C,482,0
6009,10,1
9439B,439,0
38271,10,1
6205,10,2
38207,10,1
6220,10,2
9131B,131,0
9235A,235,0
16797,10,1
6797,10,1
6796,10,1
16886,10,1
6886,10,1
6885,10,1
9461B,461,0
16198,10,1
6746,10,1
6747,10,1
9736H,736,0
16052,10,1
6052,10,1
6051,10,1
9148R,148,0
9522A,522,0
9427J,427,0
9388H,388,0
9316E,316,0
9486C,486,0
38272,10,1
38273,10,1
12120,10,3
2120,10,3
9429F,429,0
9823A,823,0
9454C,454,0
6000,10,1
9224K,224,0
16565,10,1
6565,10,1
6564,10,1
9316F,316,0
6290,10,1
6699,10,1
11040,10,2
30546,10,1
6692,10,2
16042,10,1
6043,10,1
6042,10,1
90086,153,0
16191,10,2
6191,10,2
38276,10,1
9454B,454,0
6737,10,2
16070,10,1
6070,10,1
6069,10,1
16698,10,1
6698,10,1
9484E,484,0
38280,10,1
9303F,303,0
9417A,418,0
9418A,418,0
9484F,484,0
9736I,736,0
9419E,419,0
6870,10,1
9368E,368,0
9368F,368,0
16841,10,2
6841,10,2
6840,10,1
16451,10,2
6451,10,2
6450,10,1
6914,10,2
16510,10,2
6510,10,2
16061,10,2
6061,10,2
6060,10,1
16884,10,1
6884,10,1
6882,10,1
9456A,456,0
38268,10,1
38288,10,1
38289,10,1
9636B,636,0
16057,10,1
6815,10,1
6055,10,1
6166,10,1
38240,10,1
16400,10,1
6400,10,1
6399,10,1
16729,10,1
6729,10,1
9427F,427,0
9900G,900,0
16144,10,1
6144,10,1
6143,10,1
11034,10,1
9368G,368,0
9736J,736,0
9486E,486,0
16760,10,3
6757,10,3
10847,10,3
10845,10,3
0A845,10,3
38295,10,1
9475E,475,0
9475F,475,0
6095,10,1
9427D,427,0
38294,10,1
6963,10,1
16681,10,1
6682,10,1
6681,10,1
38092,10,1
6991,10,1
6036,10,1
9482E,482,0
9148U,148,0
38215,10,1
6936,10,1
38247,1,1
6980,1,1
37626,1,1
6975,1,1
38285,1,1
6970,1,1
9388M,388,0
16793,10,1
6793,10,1
6792,10,1
9900Y,900,0
9148V,148,0
9259A,259,0
9368H,368,0
9486G,486,0
9486F,486,0
16190,10,1
6189,10,1
16189,10,1
6188,10,1
80024,10,7
9131D,131,0
6904,10,2
38011,10,1
9303G,303,0
99002,900,0
37803,10,1
6818,10,1
6847,10,1
38185,10,1
7900F,900,0
06917 (1),10,2
38291,10,1
6917,10,1
30856,10,1
6669,10,1
38286,10,1
6955,10,1
38278,10,1
6829,10,1
06925 (1),10,1
38049,10,1
38284,10,1
6925,10,1
9148W,148,0
06920 (1),10,2
30784,10,1
6920,10,1
38216,10,1
7021,10,1
38163,10,1
7018,10,1
38211,10,1
7900C,900,0
38222,10,1
6954,10,1
37976,10,1
37749,10,1
6953,10,1
9493S,493,0
16941,10,1
6941,10,1
06940 (1),10,1
38034,10,1
6940,10,1
6712,10,2
16300,10,1
6300,10,1
6299,10,1
38032,10,1
30410,10,1
6977,10,1
9486H,486,0
38025,10,1
6933,10,1
9493R,493,0
30627,10,1
6958,10,1
7900D,900,0
16927,10,1
06927 (1),10,1
38083,10,1
6927,10,1
30608,10,1
6924,10,1
38241,10,1
6923,10,1
2625,10,3
6894,10,1
38283,10,1
9778B,778,0
9493P,493,0
38290,10,1
6959,10,1
38261,10,1
6819,10,1
6926,10,1
38296,10,1
38156,10,1
6913,10,1
80051,10,7
16903,10,1
06903 (1),10,1
06902 (1),10,1
16896,10,1
6896,10,1
6895,10,1
6902,10,1
6903,10,1
37920,10,1
6957,10,1
16901,10,1
06901 (1),10,1
6900,10,1
6901,10,1
38178,10,1
30876,10,1
6961,10,1
30075,10,1
6962,10,1
7015,10,1
9900H,900,0
7900L,900,0
7900A,900,0
16716,10,2
6716,10,2
9110C,110,0
6693,10,1
9411A,411,0
6850,10,1
7020,10,1
37807,10,1
90063,425,0
16688,10,2
6688,10,2
6687,10,1
9900Z,900,0
6700,10,2
11025,10,3
30757,10,1
16765,10,1
6765,10,1
6764,10,1
16182,10,1
6184,10,1
6183,10,1
80019,10,7
16181,10,1
6182,10,1
6181,10,1
16180,10,1
6179,10,1
6178,10,1
9488C,488,0
16076,10,1
6077,10,1
6076,10,1
9429G,429,0
16056,10,2
6048,10,2
16055,10,2
6047,10,2
9900W,900,0
6706,10,2
6993,10,1
37930,10,1
6093,10,1
9529B,529,0
6976,10,1
38126,10,1
6971,1,1
38287,1,1
6987,1,1
80031,1,7
30449,1,1
90022,493,0
6969,1,1
38039,1,1
6967,1,1
6964,1,1
6996,10,1
38045,10,1
6990,10,1
37796,10,1
6989,1,1
38009,1,1
6982,10,1
38282,10,1
16713,10,1
6801,10,1
6800,10,1
6995,1,1
38017,1,1
6992,1,1
38053,1,1
6994,10,1
38036,10,1
38099,1,1
6965,1,1
9493H,493,0
16951,10,1
6951,10,1
38293,10,1
6984,1,1
38115,1,1
38269,1,1
6997,1,1
6978,10,1
38109,10,1
6979,10,1
6966,1,1
38002,1,1
6019,1,1
38154,1,1
6999,1,1
30912,1,1
19741,10,1
9740,10,1
9739,10,1
6791,10,1
16700,10,1
16790,10,2
6790,10,2
6789,10,1
7900H,900,0
6983,1,1
30498,1,1
6769,10,1
9337E,337,0
38235,10,1
6974,10,1
9224L,224,0
17027,10,1
7027,10,1
7019,10,1
6973,38,1
38274,1,1
6081,10,1
16081,10,1
2040,10,3
12041,10,3
12040,10,3
11007,10,3
6909,10,1
38176,10,1
16171,10,3
6170,10,3
16170,10,3
80056,10,7
37996,10,1
6932,10,1
9493T,493,0
9469D,469,0
6891,10,1
9713D,713,0
38084,10,1
7024,10,1
11027,10,2
7900Q,900,0
16044,10,1
6045,10,1
6044,10,1
6085,10,3
16085,10,3
37780,10,1
37722,10,1
6934,10,1
11024,10,3
6035,10,3
6683,10,1
6684,10,1
16683,10,2
16770 (1),10,1
06774 (1),10,1
6773,10,1
16770,10,1
6774,10,1
1141,10,1
7900I,900,0
37633,10,1
6130,10,1
16187,10,3
6187,10,3
9493B,493,0
7053,10,1
16736,10,2
6738,10,2
6736,10,1
38029,10,1
6689,10,1
11022,10,2
9790,10,1
7900P,900,0
9493U,493,0
7025,10,1
6968,1,1
38292,1,1
10654,10,3
10653,10,3
10652,10,3
1656,10,3
9162B,162,0
6766,10,1
16766,10,1
16752,10,1
6752,10,1
6749,10,1
16749,10,1
30332,10,1
6935,10,1
7016,10,1
9486I,486,0
9636C,636,0
9678A,678,0
6140,10,2
7900K,900,0
9327E,327,0
9469C,469,0
7028,10,1
11030,10,2
37884,10,1
6820,10,2
16820,10,3
37775,10,1
16777,10,1
16776,10,1
6777,10,1
6776,10,1
16165,10,1
6165,10,1
6164,10,1
6888,10,1
38191,10,1
6690,10,1
16690,10,1
6691,10,1
6194,10,2
38219,10,1
6956,10,1
11049,10,1
7029,10,1
17022,10,1
7022,10,1
6041,10,1
6943,10,1
38265,10,1
6860,1,1
38125,1,1
16673,10,3
6673,10,3
7900M,900,0
6899,10,1
6733,10,1
6972,10,1
38148,10,1
38076,10,1
16194,10,2
6196,10,2
16730,10,2
6730,10,2
6830,10,2
16831,10,2
37671,10,1
11026,10,2
6186,10,2
30338,10,1
6947,10,1
11035,10,2
9153A,153,0
16038,10,1
06038 (1),10,1
6037,10,1
16039,10,1
6039,10,1
6038,10,1
16795,10,2
6795,10,2
6794,10,1
16921,10,2
6921,10,2
6942,10,1
38257,10,1
16919,10,1
6919,10,1
06918 (1),10,1
30890,10,1
7023,10,1
6918,10,1
30491,10,1
91482,148,0
91484,148,0
7148B,148,0
7148C,148,0
7148D,148,0
7148E,148,0
2330,10,2
16461,10,3
6460,10,3
16460,10,2
16030,10,2
6030,10,2
9900U,900,0
7030,1,1
9327C,327,0
6694,10,2
9316G,316,0
6981,1,1
38279,1,1
9493V,493,0
6944,10,1
38164,10,1
9148I,148,0
16917,10,1
06911 (1),10,1
6912,10,2
6911,10,1
38277,10,1
9427I,427,0
16006,10,1
6006,10,1
6004,10,1
9746B,749,0
11038,10,2
11029,10,2
6003,10,2
80006,10,3
11009,10,3
11018,10,3
16211,10,1
6985,1,1
38245,1,1
9493N,493,0
7041,10,2
9900X,900,0
7050,10,1
17050,10,1
17051,10,1
10004,204,0
10005,429,0
1100,1,1
1113,10,1
71002,403,0
71003,482,0
71004,493,0
71005,461,0
71006,148,0
1124,10,1
11005,10,1
71007,493,0
71008,162,0
1126,10,1
71009,303,0
1127,10,1
71010,486,0
71011,469,0
71013,678,0
1129,1,1
71014,493,0
71015,350,0
71016,851,0
71017,427,0
71018,736,0
71019,403,0
71020,316,0
71021,486,0
71022,900,0
71024,388,0
71025,409,0
71026,316,0
71029,403,0
71031,454,0
1130,10,1
1131,10,2
11015,10,2
1006,10,1
11020,10,2
1133,10,1
71032,900,0
71033,429,0
71034,450,0
71035,429,0
71036,713,0
71037,486,0
1136,10,1
71038,148,0
1139,10,1
71039,770,0
71040,900,0
71041,900,0
1142,10,1
11021,10,1
1143,10,1
71043,419,0
71044,493,0
1145,10,1
71047,388,0
71048,733,0
71049,664,0
71050,713,0
71051,713,0
71053,403,0
71056,493,0
71059,148,0
71060,224,0
71052,486,0
71062,493,0
71063,482,0
1148,10,1
71065,482,0
71067,312,0
71068,713,0
71069,456,0
71070,148,0
71071,493,0
71072,148,0
1150,10,1
71073,802,0
71074,429,0
71075,427,0
71077,427,0
71078,324,0
71080,456,0
1151,1,1
71082,802,0
1155,10,1
11017,10,1
1154,10,1
71083,493,0
71084,486,0
71085,259,0
71086,778,0
71087,486,0
71089,427,0
71090,429,0
71091,450,0
71092,427,0
71093,900,0
71094,429,0
71095,900,0
71096,419,0
71098,486,0
71099,736,0
71100,327,0
71101,555,0
1158,10,1
71102,475,0
11019,10,1
1159,10,1
1164,10,1
1161,10,1
71103,337,0
71104,418,0
1162,10,1
1163,10,1
71106,148,0
71107,425,0
71109,403,0
71110,486,0
71111,409,0
71112,713,0
71113,243,0
71114,409,0
71123,456,0
71124,403,0
1169,5,1
71116,429,0
71125,475,0
81003,2,1
81002,2,1
81001,2,1
71118,148,0
71127,465,0
71128,450,0
1173,1,1
71129,337,0
1165,12,1
71131,433,0
71119,778,0
1175,1,1
1176,44,1
71120,475,0
71134,439,0
1177,91,1
71135,427,0
71136,316,0
71121,243,0
71138,488,0
71139,941,0
71140,936,0
1166,2,1
1167,4,1
1180,3,1
1168,33,1
71141,204,0
71142,493,0
71143,427,0
11042,33,1
1183,33,1
71144,277,0
1185,33,1
1184,33,1
11043,33,1
1146,2,1
1189,54,1
1190,83,1
71145,316,0
11044,33,1
1192,33,1
71146,469,0
71147,433,0
71148,403,0
11045,33,1
1193,33,1
71149,456,0
11046,21,1
1194,21,1
1195,74,1
1196,1,1
71150,418,0
71151,749,0
71153,778,0
71154,493,0
71156,316,0
1198,4,1
71157,327,0
71159,277,0
1199,1,1
71160,235,0
71161,766,0
71164,407,0
71165,488,0
71166,407,0
71167,475,0
71168,916,0
71169,729,0
11047,33,1
1200,33,1
1201,33,1
1202,91,1
71170,429,0
71171,409,0
71172,207,0
71173,480,0
1203,22,1
1205,22,1
71174,892,0
1207,36,1
11050,36,1
1206,36,1
71176,454,0
1209,33,1
71178,713,0
71179,766,0
71181,493,0
71182,778,0
71183,729,0
1210,12,1
71184,484,0
1212,1,1
71185,713,0
71187,441,0
1216,23,1
1223,21,1
11052,21,1
1221,21,1
71189,776,0
