PAYLOAD,FREIGHT,MAIL
37400,0,0
37822,0,0
37822,0,0
5300,0,0
10841,0,0
23500,0,0
10841,0,0
12659,0,0
10808,0,0
12659,0,0
21458,800,0
21458,0,0
95000,0,0
95000,0,0
2000,0,0
4000,0,0
4000,0,0
2000,0,0
51700,0,0
51700,0,0
49760,0,0
34446,0,0
50700,14,39
49760,0,0
38879,0,0
29900,492,0
34446,0,0
50700,0,0
49760,0,0
49760,0,0
32870,0,0
38470,32,0
38170,0,0
38170,70,4
49760,0,0
32870,5,0
49760,28,0
38170,0,226
99520,0,0
49760,0,0
42500,0,0
42500,0,0
42500,0,0
34279,4,0
41006,10064,0
38700,0,282
34771,1,0
35906,0,0
36926,0,0
40581,10064,0
54393,0,0
69200,2628,0
69200,1614,0
43400,252,0
34600,1280,0
34600,151,0
43400,167,0
43400,120,0
34600,0,0
34600,0,0
34600,0,0
43400,0,0
34600,1348,0
43400,0,0
1600,0,0
1600,0,0
2400,0,0
1600,0,0
2400,0,0
1600,0,0
68370,0,0
151660,0,0
75830,0,0
75830,0,0
75830,0,0
227490,0,0
75830,0,0
75830,0,0
75830,0,0
75830,0,0
23000,8878,0
23000,8878,0
12343,0,0
12343,0,0
82501,0,0
43411,0,0
43116,0,0
43116,0,0
43411,0,0
43411,0,0
43116,0,0
42116,0,0
5600,270,0
5600,270,0
1668260,627144,0
1668260,431309,0
41080,0,0
41080,0,0
11118,0,0
11118,0,0
7600,0,0
334400,0,0
144400,0,0
342000,0,0
174800,0,0
22800,0,0
425600,0,0
364800,0,0
144400,0,0
425600,0,0
364800,0,0
7600,0,0
159600,0,0
4500,0,0
4500,0,0
1600,0,0
10808,0,0
10841,0,0
10808,0,0
34308,0,0
101000,0,0
101000,0,0
40400,450,266
39900,0,0
39400,0,0
50200,428,0
48100,0,0
39900,550,0
50200,0,54
40400,450,266
40400,0,521
51700,0,460
39900,0,0
29900,0,0
29900,0,0
77758,0,0
40870,0,0
41370,6,0
29900,53,0
38879,21,0
17610,0,0
17610,0,0
13500,0,0
13500,0,0
13500,0,0
13500,0,0
13500,0,0
15200,0,0
18740,0,0
18740,0,0
15200,0,0
15200,0,0
13500,0,0
13500,0,0
18740,0,0
15200,0,0
15200,0,0
18740,0,0
18740,0,0
18740,0,0
18740,0,0
15200,0,0
13500,0,0
15200,0,0
13500,0,0
13500,0,0
18740,0,0
18740,0,0
15200,0,0
15200,0,0
18740,0,0
13500,0,0
18740,0,0
15200,0,0
18740,0,0
15200,0,0
18740,0,0
13500,0,0
15200,0,0
15200,0,0
13500,0,0
18740,0,0
15200,0,0
13500,0,0
18740,0,0
18740,0,0
32640,1,0
41971,0,1040
31999,0,1858
36804,0,0
36640,0,0
48470,55,23
35090,865,0
36804,181,0
36867,0,0
36158,0,1615
32862,0,0
100549,0,0
82777,0,75
35433,10,539
42241,703,1350
35372,0,40
35936,0,0
36733,55,1976
34143,0,0
36072,0,0
42690,0,0
35554,77,1604
41831,0,65
35832,0,97
41556,11,0
98334,306,361
48320,0,1335
82502,0,707
43141,0,954
48843,85,404
41843,0,0
46360,42,0
34772,0,0
38790,0,0
36768,117,395
35694,0,0
48920,508,430
290384,8694,0
37980,0,679
36271,0,649
28852,24,260
28356,23,0
32200,85,0
32200,1026,0
32200,0,0
32200,944,0
32200,110,0
32200,96,0
32200,0,0
32200,0,0
32200,377,0
32200,760,0
43400,0,0
32200,26,0
32200,160,0
32200,0,0
43400,345,0
32200,569,0
32200,0,0
43400,0,0
32200,6,0
21803,0,0
21803,0,0
21803,0,0
21803,0,0
19092,0,0
19092,0,0
21803,0,0
21803,0,0
19092,0,0
21803,0,0
21803,0,0
30000,0,0
30000,0,0
30000,0,0
36000,0,0
30000,0,0
37200,0,0
30000,0,0
36000,0,0
37200,0,0
30000,0,0
37200,0,0
36000,0,0
36000,0,0
30000,0,0
37200,0,0
36000,0,0
30000,0,0
36000,0,0
36000,0,0
37200,0,0
36000,0,0
36000,0,0
37200,0,0
36000,0,0
107634,16753,0
136966,14986,0
104189,50142,0
104402,23383,0
107840,47075,0
104608,42470,0
107931,42190,0
136966,13780,0
193214,114987,0
107931,42190,0
193732,30465,0
29000,0,0
29000,0,0
20210,0,0
11118,0,0
11118,0,0
11118,0,0
12350,0,0
12350,1,0
27000,0,0
27000,0,0
10000,0,0
10000,0,0
10000,0,0
10000,0,0
79755,18239,5737
108025,32891,3787
79755,25727,0
79755,14991,218
108025,66035,0
79000,0,0
98300,428,0
79000,0,0
68892,188,0
98180,70,0
81740,0,194
35220,0,0
35220,0,0
37480,0,0
37480,0,0
30400,0,0
30400,0,0
30400,0,0
30400,0,0
13500,0,0
36480,0,0
30400,0,0
37480,0,0
30400,0,0
37480,0,0
30400,0,0
37480,0,0
72337,375,2511
72444,106,0
77848,0,0
70337,1391,2529
66423,0,2664
85088,0,0
73424,46,0
84704,0,0
82724,33,1852
73244,0,0
71109,104,3055
73314,114,0
83719,0,0
70764,19,957
73634,62,0
73000,4,0
78004,20,0
58924,0,698
69419,1,1532
59414,7,0
64400,0,0
86800,173,0
64400,190,0
64400,59,0
64400,1128,0
64400,431,0
64400,208,0
64400,565,0
64400,0,0
64400,1579,0
64400,13,0
64400,43,0
64400,210,0
43606,0,0
43606,0,0
43606,0,0
38184,0,0
43606,0,0
38184,0,0
60000,0,0
72000,0,0
73200,0,0
73200,0,0
60000,0,0
73200,0,0
73200,0,0
126608,39954,0
213861,67964,0
43004,0,0
43004,0,0
159510,33216,0
120700,2100,0
52830,0,0
52830,0,0
52830,0,0
52830,0,0
52830,0,0
52830,0,0
56220,0,0
40500,0,0
56220,0,0
40500,0,0
56220,0,0
45600,0,0
45600,0,0
54980,0,0
40500,0,0
40500,0,0
40500,0,0
54980,0,0
40500,0,0
56220,0,0
56220,0,0
56220,0,0
40500,0,0
55220,0,0
40500,0,0
40500,0,0
40500,0,0
54980,0,0
56220,0,0
122849,0,0
107090,133,0
116827,130,0
106955,472,5334
101729,568,3821
136854,0,4386
98048,0,0
125837,64,0
107620,1505,0
104148,34,0
118898,20,0
96600,884,0
130200,0,0
96600,119,0
103800,1352,0
130200,451,0
96600,368,0
96600,0,0
96600,318,0
86800,137,0
96600,107,0
96600,40,0
96600,2230,0
103800,95,0
130200,0,0
96600,1828,0
96600,18,0
96600,326,0
96600,559,0
96600,1105,0
96600,0,0
96600,0,0
96600,397,0
96600,833,0
130200,0,0
65409,0,0
65409,0,0
57276,0,0
65409,0,0
65409,0,0
57276,0,0
57276,0,0
65409,0,0
57276,0,0
57276,0,0
65409,0,0
65409,0,0
57276,0,0
57276,0,0
57276,0,0
57276,0,0
57276,0,0
90000,0,0
90000,0,0
138000,0,0
138000,0,0
109200,0,0
33354,0,0
33354,0,0
33354,0,0
33354,0,0
33354,0,0
33354,0,0
33354,0,0
33354,0,0
30000,0,0
239265,70464,0
79544,0,0
79544,0,0
146200,0,0
146200,11,0
70440,0,0
70440,0,0
70440,0,0
70440,0,0
54000,0,0
60800,0,0
60800,0,0
74960,0,0
74960,0,0
54000,0,0
74960,0,0
54000,0,0
60800,0,0
60800,0,0
47000,0,0
74960,0,0
142952,153,6943
164811,0,0
125284,31,0
155101,225,1540
136041,484,366
143189,24,0
137929,575,0
185611,125,0
156705,111,0
165940,104,180
144521,276,704
156861,5,0
140058,119,0
189366,0,0
201956,5,0
137741,209,2448
159711,1272,4337
144162,593,2230
154589,24,0
561174,3711,0
175495,5,6610
144598,5,0
183058,0,0
154028,112,0
164356,19,0
173600,1861,0
173600,0,0
128800,505,0
173600,36,0
128800,0,0
128800,387,0
173600,509,0
128800,165,0
128800,1591,0
138400,0,0
173600,0,0
128800,8,0
128800,82,0
87212,0,0
76368,0,0
76368,0,0
87212,0,0
145200,0,0
120000,0,0
145200,0,0
120000,0,0
170239,0,1286
44472,0,0
44472,0,0
50400,0,0
67200,0,0
432100,153735,0
424400,243523,0
470180,173084,0
470180,171992,0
88050,0,0
88050,0,0
88050,0,0
64000,0,0
76000,0,0
64000,0,0
76000,0,0
93700,0,0
93700,0,0
76000,0,0
67500,0,0
93700,0,0
93700,0,0
47000,0,0
67500,0,0
93700,0,0
93700,0,0
76000,0,0
54000,0,0
73960,0,0
178092,471,0
219754,99,0
164357,62,2205
173288,4,0
219154,24,0
179325,90,0
494650,31037,37
179937,136,0
155745,42,0
183219,8,0
214834,155,0
182492,0,7649
179711,128,0
199330,52,0
173090,33,0
237436,109,4105
243490,0,0
175729,54,0
208982,460,0
165519,50,301
170187,0,0
170921,27,0
161000,1612,0
173000,0,0
161000,1845,0
161000,1226,0
161000,1674,0
173000,0,0
217000,139,0
217000,0,0
161000,832,0
95460,0,0
230000,0,0
230000,0,0
213845,0,1785
55590,0,0
22500,0,0
22500,0,0
105660,0,0
105660,0,0
105660,0,0
105660,0,0
112440,0,0
91200,0,0
91200,0,0
91200,0,0
81000,0,0
91200,0,0
112440,0,0
112440,0,0
91200,0,0
112440,0,0
112440,0,0
91200,0,0
112440,0,0
77500,0,0
112440,0,0
112440,0,0
229852,174,3035
279180,86,7332
218358,0,0
244614,0,310
213159,0,6981
215633,2,0
204199,0,1316
597376,65896,24545
220146,0,2309
196685,34,7586
218579,0,0
208319,122,0
204040,121,7850
207600,0,0
303800,391,0
260400,8,0
193200,889,0
260400,497,0
260400,0,0
260400,1786,0
260400,1409,0
114552,0,0
95460,0,0
114552,0,0
114552,0,0
114552,0,0
377317,125368,0
743355,367675,0
820366,460413,0
375089,66319,0
820366,465747,0
66708,0,0
280000,0,0
280000,0,0
123270,0,0
123270,0,0
131180,0,0
106400,0,0
106400,0,0
131180,0,0
106400,0,0
106400,0,0
289418,123,0
235841,0,0
211673,94,0
283069,314,5234
226041,495,0
252096,89,0
338785,694,0
248921,9,0
217873,34,0
325178,4,0
238540,57,0
247363,608,4252
322848,2692,9568
342206,193,0
324021,0,0
245606,0,3916
286418,10,0
294120,327,9567
247173,51,9150
254324,1,0
225400,688,0
303800,3842,0
303800,1096,0
242200,0,0
303800,3608,0
242200,0,0
225400,76,0
77826,0,0
77826,0,0
77826,0,0
910573,433940,3085
1190777,579794,3949
308200,0,0
308200,0,870
140880,0,0
149920,0,0
131180,0,0
149920,0,0
263688,393,1614
282418,24,1027
284532,500,9731
286022,1089,9567
320716,47,0
278722,62,0
272353,24,0
374632,4189,4546
347727,55,4840
286781,8,0
287522,0,0
284735,458,1102
374573,305,7313
347200,1918,0
257600,817,0
257600,1092,0
257600,1610,0
257600,1273,0
257600,2813,0
257600,208,0
257600,284,0
347200,1163,0
152736,0,0
240000,0,0
240000,0,0
1552063,147267,0
88944,0,0
88944,0,0
88944,0,0
909000,0,0
909000,0,0
360000,0,0
909000,0,0
360000,0,0
909000,0,0
67500,0,0
90000,0,0
118000,0,0
136800,0,0
121500,0,0
168660,0,0
136800,0,0
168660,0,0
136800,0,0
310348,38,3161
328654,404,2685
366721,81,9963
330697,679,11574
325299,3,0
306134,395,10049
314071,224,0
289800,882,0
390600,8211,0
390600,2897,0
390600,3031,0
289800,219,0
270000,0,0
746460,297183,13732
152000,0,0
135000,0,0
152000,0,0
152000,0,0
135000,0,0
364649,178,5254
363084,509,8159
358429,1925,0
399617,56,0
316431,131,0
330439,110,0
362195,501,5817
433068,259,1960
438317,255,0
349081,0,0
346000,3391,0
322000,321,0
434000,1259,0
380600,2736,0
322000,1541,0
346000,2418,0
322000,5484,0
190920,0,0
300000,0,0
300000,0,0
300000,0,0
1057707,247774,0
1253301,932323,0
111180,0,0
111180,0,0
4500,0,0
4500,0,0
16000,0,0
14400,0,0
378906,1607,0
148500,0,0
439369,78,3181
400501,147,0
394420,384,1871
399135,763,3248
505928,0,6198
471648,351,0
457245,1621,11123
453758,318,0
477400,2751,0
354200,9031,0
477400,88,0
354200,1139,0
330000,0,0
330000,0,0
122298,0,0
486200,0,0
486200,0,0
211320,0,0
211320,0,0
158500,0,0
470394,3504,4317
427827,186,6256
487206,79,10278
408503,616,8809
458261,90,0
470478,37,6299
432929,500,7881
386400,2576,0
761644,147172,0
133416,0,0
1313000,0,0
1313000,0,0
447798,4,0
241380,0,0
172000,0,0
441252,719,8615
580110,4017,0
520827,187,0
534595,243,8853
535027,357,0
460703,285,16658
555504,5,3446
453556,484,173
458537,2,64
390000,0,0
471600,0,0
390000,0,0
471600,0,0
390000,0,0
390000,0,0
390000,0,0
390000,0,0
821902,540673,0
185500,0,0
503832,405,0
577161,56,1459
548961,111,1
569672,20,0
440142,2188,1588
576876,47,34416
582620,81,0
589824,12,0
450800,8741,0
607600,4467,0
644000,0,0
644000,0,0
228000,0,0
199000,0,0
228000,0,0
537403,217,0
609778,70,8661
668947,27,37245
578658,435,15902
267288,0,0
543600,0,0
543600,0,0
2590926,1163906,0
166770,0,0
166770,0,0
166770,0,0
271500,0,0
271500,0,0
785440,690,365
212500,0,0
641859,316,0
545897,615,6609
491612,0,0
606415,437,8373
643870,182,13668
305472,0,0
578400,0,0
578400,0,0
480000,0,0
480000,0,0
480000,0,0
480000,0,0
1013557,317135,0
1013764,321148,0
1012365,482374,0
2753758,1382593,0
1013557,660324,0
177888,0,0
177888,0,0
32000,0,0
32000,0,0
898280,285,0
848520,926,1925
299370,0,0
258400,0,0
318580,0,0
258400,0,0
318580,0,0
258400,0,0
557128,252,8621
718383,466,0
837542,503,8119
800721,113,2806
619723,287,2039
590285,87,0
638180,791,5323
723450,1632,15235
772241,145,0
547400,3577,0
510000,0,0
612000,0,0
510000,0,0
614400,0,0
189006,0,0
337320,0,0
273600,0,0
336080,0,0
273600,0,0
334840,0,0
773884,546,0
738198,1405,18722
632007,2694,3387
614952,517,1185
769195,303,8184
737711,361,0
644372,190,0
654372,2929,16797
646522,1156,1283
586479,342,14959
806903,983,23360
781200,2500,0
324564,0,0
200124,0,0
200124,0,0
200124,0,0
1846385,567627,0
1849732,1175210,26302
1931611,856546,0
1926720,1399292,0
1932711,1331386,0
353580,0,0
356060,0,0
288800,0,0
629688,688,16317
663289,0,0
664139,1529,0
600835,324,0
814602,575,3060
799521,837,7032
673686,262,0
843265,684,24519
2143463,17245,2
622352,171,0
793158,413,0
646737,72,0
2244789,196833,858
689028,916,21458
362748,0,0
362748,0,0
362748,0,0
362748,0,0
362748,0,0
570000,0,0
1193619,738980,0
1201649,620058,0
2010808,1402901,0
352200,0,0
352200,0,0
334590,0,0
354800,0,0
304000,0,0
304000,0,0
266500,0,0
372320,0,0
304000,0,0
304000,0,0
354820,0,0
670867,1573,12928
682346,851,0
708842,822,0
719949,164,0
703814,12,0
833604,370,0
700428,1076,5556
722077,64,0
713797,918,10407
708101,311,1009
704610,1695,6890
686159,252,0
868000,14047,0
721200,0,0
721200,0,0
600000,0,0
1030890,3649,1757
352200,0,0
283500,0,0
319200,0,0
276500,0,0
372540,0,0
810902,348,37051
760416,182,0
869700,1835,7869
750536,211,0
761150,2737,27576
753016,559,12762
839000,623,0
856207,235,25409
706542,38,0
737222,899,14408
722018,179,0
675319,2057,9608
720003,85,17626
714355,1033,12299
830193,371,2418
726600,6073,0
911400,6063,0
911400,3689,0
911400,6210,0
400932,0,0
74800,35966,0
74800,21747,0
369810,0,0
387420,0,0
387420,0,0
409800,0,0
334400,0,0
297000,0,0
411040,0,0
334400,0,0
759201,118,22653
793919,1536,11430
775888,262,0
787877,70,0
2178105,17922,18900
772058,1186,0
711169,102,1749
706175,738,845
764309,171,20983
784666,848,4261
762468,116,0
1005021,1894,13457
641670,31,0
761200,7027,0
954800,21316,0
954800,1479,0
420024,0,0
798000,0,0
798000,0,0
77000,35960,0
1385637,576847,0
77000,21715,0
77000,11749,0
1387471,824702,0
2360599,552896,0
405030,0,0
440250,0,0
405030,0,0
307000,0,0
349600,0,0
349600,0,0
349600,0,0
307000,0,0
349600,0,0
349600,0,0
349600,0,0
349600,0,0
349600,0,0
310500,0,0
303500,0,0
428540,0,0
1053224,660,0
969154,3280,0
807479,507,0
748476,488,0
757346,703,0
999993,797,41239
943700,574,21015
2290381,129167,24
795800,279,0
998200,3097,0
761200,745,0
998200,3409,0
998200,10538,0
998200,4522,0
439116,0,0
439116,0,0
255714,0,0
244596,0,0
230000,0,0
230000,0,0
717600,1529,1008
717600,1,1293
440250,0,0
405030,0,0
324000,0,0
324000,0,0
447280,0,0
320500,0,0
971593,201,0
1200038,27,7209
859025,610,7504
1009889,4871,14152
938261,493,0
846278,388,0
999794,1252,0
996961,5028,0
948399,5719,27470
1014240,491,0
768301,229,0
654428,219,0
1158310,5865,0
1156427,1858,0
779974,377,0
1041600,2184,0
830400,3203,0
830400,996,0
1041600,2376,0
1041600,1103,0
458208,0,0
458208,0,0
458208,0,0
439116,0,0
868800,0,0
868800,0,0
84000,40688,0
240000,0,0
38400,0,0
440250,0,0
380000,0,0
466020,0,0
1000021,2585,11777
792164,73,0
1018725,2093,21199
992355,3285,0
876454,3913,0
851692,384,13475
955614,591,21700
921417,167,2678
890467,1068,1429
1085000,12170,0
1085000,8631,0
477300,0,0
750000,0,0
750000,0,0
750000,0,0
750000,0,0
750000,0,0
88400,40799,0
457860,0,0
457860,0,0
484760,0,0
395200,0,0
487240,0,0
395200,0,0
484760,0,0
344000,0,0
395200,0,0
351000,0,0
395200,0,0
344000,0,0
923286,92,0
1099589,1002,9892
916944,91,0
1128400,5586,0
830400,5171,0
934200,1221,0
899600,6116,0
1128400,1335,0
780000,0,0
942000,0,0
780000,0,0
942000,0,0
780000,0,0
91000,40799,0
886237,122,7052
886237,816,7011
289068,0,0
289068,0,0
289068,0,0
41600,0,0
41600,0,0
41600,0,0
510690,0,0
475470,0,0
457860,0,0
503500,0,0
410400,0,0
364500,0,0
410400,0,0
410400,0,0
364500,0,0
1115121,2034,29315
1181822,3289,14285
1107148,2449,12484
967461,542,5063
912709,1082,17166
1049430,444,2777
934200,2312,0
1171800,12594,0
1171800,22565,0
1171800,7042,0
1171800,5294,0
515484,0,0
515484,0,0
5177242,2198850,0
967900,569,0
1013500,466,0
1301100,0,0
1126200,80,0
1405600,250,5277
1013500,431,3077
1127491,922,257
510690,0,0
493080,0,0
524720,0,0
425600,0,0
378000,0,0
378000,0,0
1020305,915,359
1094514,167,0
1170629,480,0
1215200,951,0
840000,0,0
840000,0,0
1016400,0,0
840000,0,0
840000,0,0
1013600,0,0
1276800,0,0
1276800,0,0
1013600,0,0
525460,0,0
311304,0,0
280000,0,0
1166600,195,521
1455800,201,2423
1351200,0,0
501885,0,0
388000,0,0
538270,0,0
1251431,3997,41631
1268046,1502,0
2943917,175205,9451
1029335,1307,12336
2330529,54130,1818
2919836,111333,592
1003400,1841,0
1302000,3713,0
1258600,8163,0
1003400,409,0
553668,0,0
1044000,0,0
1045200,0,0
1053600,0,0
870000,0,0
870000,0,0
870000,0,0
1049800,0,0
1044000,0,0
1044000,0,0
1049800,0,0
1049800,0,0
1049800,0,0
1038200,0,0
1049800,0,0
565880,23,0
586090,0,0
586090,0,0
1279360,1673,2297
1279360,3374,0
322422,0,0
311304,0,0
1551000,0,0
1551000,5603,17270
1127491,3000,0
1088612,4997,0
1166370,934,717
528300,0,0
528300,0,0
401500,0,0
562200,0,0
398000,0,0
456000,0,0
560960,0,0
401500,0,0
401500,0,0
562200,0,0
398000,0,0
2836187,64061,94184
1299030,694,0
3031887,344222,42972
2421885,314830,13993
979905,639,0
1256246,345,39216
1222413,1139,6242
1038000,7094,0
1302000,7290,0
1038000,5114,0
1038000,1784,0
572760,0,0
1380000,0,0
1380000,0,0
900000,0,0
1082400,0,0
900000,0,0
900000,0,0
1083600,0,0
900000,0,0
1380000,0,0
1380000,0,0
900000,0,0
900000,0,0
900000,0,0
1380000,0,0
1094400,0,0
1380000,0,0
1087200,0,0
1110000,0,0
1092000,0,0
1380000,0,0
1081200,0,0
900000,0,0
1083600,0,0
1104000,0,0
1380000,0,0
1380000,0,0
1380000,0,0
900000,0,0
900000,0,0
1380000,0,0
1105200,0,0
900000,0,0
1380000,0,0
1087200,0,0
1110000,0,0
1092000,0,0
1380000,0,0
1084800,0,0
900000,0,0
900000,0,0
1084800,0,0
1380000,0,0
1380000,0,0
1380000,0,0
1380000,0,0
900000,0,0
1092000,0,0
870000,0,0
1074000,0,0
870000,0,0
1227201,923,0
1186121,14054,0
333540,0,0
322422,0,0
1602700,1686,227
471200,0,0
471200,0,0
415000,0,0
471200,0,0
415000,0,0
471200,0,0
471200,0,0
1102165,14,0
1088106,186,0
1221212,242,10318
1115534,2019,13909
1081322,697,3066
1394238,0,40600
1072600,3239,0
930000,0,0
1426000,0,0
1126800,0,0
1149600,0,0
1126800,0,0
344658,0,0
344658,0,0
3920321,1946318,279975
1388800,0,0
1388800,0,0
1440725,1599,65
1440725,11066,1286
563520,0,0
597200,0,0
1139462,2301,13670
1309313,477,8776
1136123,214,4306
1432200,2890,0
1388800,5419,0
1388800,5345,0
1141800,4652,0
1388800,17855,0
1107200,7127,0
610944,0,0
960000,0,0
960000,0,0
4053241,2592196,27897
442000,0,0
501600,0,0
1475727,530,59489
1105723,1118,52500
1432200,1325,0
1432200,7280,0
1141800,3555,0
630036,0,0
1191600,0,0
1191600,0,0
6340967,2861762,0
366894,0,0
366894,0,0
1363000,1286,39
452000,0,0
1173503,320,0
1213420,9985,6089
1402794,936,30119
1432200,6857,0
1251600,0,0
378012,0,0
1718150,4926,0
465500,0,0
532000,0,0
1263884,3690,11064
1228073,2474,10332
1216233,248,0
1148023,235,0
1499656,598,6559
1032355,12,810
1519000,5383,0
1519000,7416,0
1211000,3868,0
1211000,2922,0
1519000,5450,0
1519000,7865,0
1294800,0,0
4305903,2576162,0
4308926,3056879,0
389130,0,0
400248,0,0
378012,0,0
1767240,2003,1784
633960,0,0
469000,0,0
486000,0,0
479000,0,0
475500,0,0
1464422,3509,21074
1263845,2797,22176
1562400,20632,0
687312,0,0
400248,0,0
3860657,2547707,24458
1816330,14700,15768
1240056,3415,159
1205610,7666,3989
651570,0,0
499500,0,0
1647839,963,43297
1650380,5066,49414
1282143,189,0
1274427,854,17563
1300637,758,13284
1496393,1118,47024
1344205,1549,21376
1280200,917,0
1280200,13681,0
1280200,4064,0
1280200,3250,0
1605800,6723,0
411366,0,0
506000,0,0
506000,0,0
1342729,6000,12898
1280200,7039,0
1314800,5181,0
1185240,4141,3993
433602,0,0
1349400,9331,0
1220100,1856,0
1349400,7185,0
1257230,610,0
1378403,3569,0
1428551,9102,23238
608000,0,0
180000,0,0
1382661,441,2148
608000,0,0
529500,0,0
1371985,1089,9758
1380308,210,0
1443020,92,0
1464197,620,0
1501396,3087,25177
1322189,1674,21481
1452029,39,0
1779400,3863,0
1779400,8682,0
180000,0,0
1308948,7710,1601
638400,0,0
638400,0,0
638400,0,0
556500,0,0
638400,0,0
1450992,2812,0
1804225,2061,23689
1418600,15999,0
1822800,23466,0
1285700,0,0
1343394,1083,48
653600,0,0
1394121,83,0
1498183,1556,1628
1285700,1512,168
757230,0,0
1812400,2266,56522
1851767,1511,13487
1931438,1178,255
1423502,482,8914
1909600,7872,0
1909600,6124,0
827670,0,0
600500,0,0
1598251,5090,18839
2070000,0,0
2070000,0,0
699200,0,0
699200,0,0
699200,0,0
1865886,18225,25930
2154661,15937,7241
1805350,418,43975
1631725,446,0
511428,0,0
207000,0,0
1788434,1727,0
617500,0,0
714400,0,0
1642081,9437,18913
1604832,169,0
1959851,4324,42659
2267265,6677,89632
1677356,6438,21421
2039800,27946,0
2039800,40569,0
897324,0,0
202500,0,0
1956960,7102,417
1795190,3605,6016
1956860,16456,19662
641000,0,0
1887524,482,11828
2261341,10665,44602
1660800,3298,0
1833360,2608,58
1827313,729,0
862890,0,0
862890,0,0
862890,0,0
658000,0,0
631000,0,0
744800,0,0
1975044,1648,6423
2182461,4512,10884
1660800,21866,0
490000,0,0
548134,0,0
671500,0,0
671500,0,0
931665,0,0
2044645,52536,3227
2170000,17156,0
560826,0,0
949310,0,0
664500,0,0
775200,0,0
1764600,7460,0
305500,0,0
299000,0,0
681500,0,0
695000,0,0
698500,0,0
691500,0,0
681500,0,0
2168304,2650,16993
2147744,759,34846
2256800,30930,0
1799200,4387,0
578136,0,0
578136,0,0
78400,0,0
81600,0,0
104000,0,0
81600,0,0
78400,0,0
83200,0,0
104000,0,0
83200,0,0
102000,0,0
898110,0,0
712000,0,0
702000,0,0
1942938,7890,8660
1011876,0,0
589254,0,0
578136,0,0
729000,0,0
820800,0,0
2245544,3000,62158
2361377,10033,9054
1868400,22635,0
1868400,10330,0
1799200,2684,0
1620000,0,0
1620000,0,0
106000,0,0
2736800,9093,3993
968550,0,0
968550,0,0
742500,0,0
729000,0,0
1960481,991,0
2281919,7774,49046
1933391,509,0
1868400,18724,0
2786560,18819,36350
756000,0,0
749000,0,0
756000,0,0
749000,0,0
749000,0,0
742500,0,0
749000,0,0
745500,0,0
2281158,66,0
2256624,5161,0
2266106,2767,21104
2304809,655,16729
2006800,21072,0
1937600,19984,0
2387000,6138,0
1903000,22565,0
2053200,0,0
2053200,0,0
622608,0,0
611490,0,0
622608,0,0
89600,0,0
89600,0,0
759000,0,0
2537143,468,4591
1972200,26489,0
1937600,10150,0
1710000,0,0
2063400,0,0
633726,0,0
633726,0,0
2131800,0,0
2131800,0,0
1704300,574,0
1704300,14660,1866
1021380,0,0
866400,0,0
1082880,0,0
1076555,0,0
1082880,0,0
2067995,4198,45939
2172192,388,7861
2517200,11838,0
2006800,12709,0
1740000,0,0
655962,0,0
644844,0,0
2380000,2772,24115
2257900,1876,171
772500,0,0
786000,0,0
2073162,1582,0
2041922,6867,17941
2648637,3784,37158
2145600,0,0
2714000,0,0
2714000,0,0
2714000,0,0
2138400,0,0
2135800,0,0
2124000,0,0
655962,0,0
655962,0,0
2420400,2826,6142
2420500,7877,9307
2421900,646,3503
1094295,0,0
789500,0,0
799500,0,0
799500,0,0
1093740,0,0
789500,0,0
1115305,0,0
1093740,0,0
1116305,0,0
2571316,4761,12668
2557601,821,11749
2196000,0,0
2179200,0,0
2179200,0,0
2187600,0,0
2202000,0,0
2760000,0,0
2168400,0,0
2184000,0,0
667080,0,0
667080,0,0
3153700,425,2746
2110600,33657,0
2110600,10426,0
2110600,47936,0
1091820,0,0
2145200,45759,0
1074210,0,0
826500,0,0
1091820,0,0
2734200,21268,0
700434,0,0
2676111,1025,0
711552,0,0
2562393,24015,58720
870500,0,0
870500,0,0
2798345,5354,16114
2284539,2863,18908
2564434,4503,4994
2864400,20291,0
887000,0,0
914500,0,0
928000,0,0
2422024,4010,16659
2479722,3928,11047
2509842,10734,21223
2387400,21837,0
3038000,4411,0
2456600,10688,0
2842252,12356,51072
800496,0,0
800496,0,0
2560400,35022,0
3168200,13999,0
822732,0,0
3211600,35520,0
2560400,5058,0
1412808,0,0
2560400,39030,0
833850,0,0
2664200,12305,0
3341800,24442,0
2629600,5589,0
3298400,55543,0
1022000,0,0
3066530,440,0
124800,0,0
346500,0,0
342000,0,0
124800,0,0
2768000,40512,0
2733400,10486,0
2733400,9139,0
3748820,45174,0
3212346,4464,725
2690307,637,6051
3748820,3157,3212
2866677,1578,16856
3444138,3603,26727
2924400,0,0
3092485,277,0
3585830,18223,18816
2732600,3553,7161
1076000,0,0
3322893,6730,52506
2960400,0,0
2733400,15791,0
2769800,1395,0
2837200,4577,0
3358421,455,0
3619205,37088,71452
3653599,3708,16733
2871800,5786,0
2871800,5342,0
2837200,19869,0
2837200,8337,0
2733400,31623,0
2941000,13174,0
2906400,2474,0
3558800,10507,0
2941000,25831,0
3689000,31675,0
1292000,0,0
3429562,16135,33889
1119000,0,0
2941000,6941,0
1119000,0,0
2975600,26897,0
3123876,0,0
3123876,0,0
3732400,23828,0
2975600,48139,0
1191000,0,0
3044800,24710,0
3192000,1318,770
1191000,0,0
3819200,43786,0
1736240,534,15
1738060,1560,6089
1736240,639,0
3191700,1832,584
1738060,4,0
3148600,25628,0
1368000,0,0
3168402,3662,40851
3711200,888,0
3702300,9661,5603
3287000,30015,0
4166400,31990,0
3390800,18634,0
3356200,50293,0
3425400,12117,0
1520000,0,0
4505434,10513,61258
1535200,0,0
1332500,0,0
4047677,2803,29723
3494600,25486,0
3529200,45989,0
3748875,8100,96308
3633000,23249,0
3667600,8150,0
3736800,6591,0
1641600,0,0
3771400,17680,0
1972320,0,0
1989930,0,0
3909800,15210,0
3944400,50091,0
4840470,31358,33174
4152000,36110,0
4234700,0,0
4276300,1,0
5251400,28560,0
4290400,36751,0
5555200,43848,0
1697000,0,0
4454689,19354,15182
4498000,33389,0
4532600,4682,0
4567200,44521,0
1801500,0,0
5570046,5492,27574
2097600,0,0
2097600,0,0
4878600,9744,0
4913200,18667,0
5426740,18075,49923
5017000,92042,0
4947800,29343,0
5541250,14547,10815
5946599,28347,53760
5692430,8777,1159
5806640,27440,12718
6510000,62523,0
5224600,35007,0
5466800,57317,0
5501400,45317,0
5802202,12202,11290
5882000,142094,0
5985800,55050,0
3199580,0,0
3255800,0,0
6228000,26103,0
9306000,10717,119515
9202600,4059,34073
6539400,22029,0
7266000,39128,0
7369800,47129,0
7473600,36027,0
8854271,40711,118676
11456600,6733,193
9259504,66501,52128
8823000,28035,0
12957400,24641,11700
